Run ID,At [m^2],Dfg_Outer [m],Dfg_Inner [m],Lfg [m],ISP [s^-1],Delta-V [m/s],Apogee [m],O/F Ratio Max
1,0.001,0.135,0.04,0.5,250.28,297.43,5232.3,3.3437
9,0.001,0.135,0.045,0.5,250.48,290.97,5009,3.3873
17,0.001,0.135,0.05,0.5,250.67,283.47,4755.4,3.4268
25,0.001,0.135,0.055,0.5,250.84,275,4476.7,3.4629
33,0.001,0.135,0.06,0.5,251.01,265.43,4172.3,3.4962
41,0.001,0.135,0.065,0.5,251.17,254.79,3846,3.5271
49,0.001,0.135,0.07,0.5,251.32,243.15,3504.1,3.556
57,0.001,0.135,0.075,0.5,251.46,230.45,3149.2,3.583
65,0.001,0.135,0.08,0.5,251.59,216.72,2786.6,3.6086
66,0.001,0.135,0.08,0.6,242.77,218.58,2831.5,3.0071
73,0.001,0.137,0.04,0.5,250.32,307.97,5607.9,3.3437
81,0.001,0.137,0.045,0.5,250.51,301.49,5375.8,3.3873
89,0.001,0.137,0.05,0.5,250.7,294.03,5114.4,3.4268
97,0.001,0.137,0.055,0.5,250.87,285.46,4822.2,3.4629
105,0.001,0.137,0.06,0.5,251.04,275.93,4507.1,3.4962
113,0.001,0.137,0.065,0.5,251.2,265.31,4168.7,3.5271
121,0.001,0.137,0.07,0.5,251.34,253.63,3811.3,3.556
129,0.001,0.137,0.075,0.5,251.48,240.95,3441.5,3.583
137,0.001,0.137,0.08,0.5,251.61,227.17,3060.8,3.6086
138,0.001,0.137,0.08,0.6,242.81,229.09,3109.1,3.0071
145,0.001,0.139,0.04,0.5,250.35,318.67,6002.3,3.3437
153,0.001,0.139,0.045,0.5,250.55,312.17,5761.3,3.3873
161,0.001,0.139,0.05,0.5,250.73,304.68,5489.7,3.4268
169,0.001,0.139,0.055,0.5,250.9,296.21,5190.4,3.4629
177,0.001,0.139,0.06,0.5,251.07,286.64,4862.2,3.4962
185,0.001,0.139,0.065,0.5,251.22,275.99,4509.4,3.5271
193,0.001,0.139,0.07,0.5,251.37,264.32,4138.1,3.556
201,0.001,0.139,0.075,0.5,251.5,251.6,3751.2,3.583
209,0.001,0.139,0.08,0.5,251.63,237.84,3353.8,3.6086
210,0.001,0.139,0.08,0.6,242.86,239.81,3405.8,3.0071
217,0.001,0.141,0.04,0.5,250.39,329.59,6418.6,3.3437
225,0.001,0.141,0.045,0.5,250.58,323.13,6171,3.3873
233,0.001,0.141,0.05,0.5,250.76,315.61,5888.9,3.4268
241,0.001,0.141,0.055,0.5,250.93,307.11,5577.7,3.4629
249,0.001,0.141,0.06,0.5,251.09,297.51,5236.2,3.4962
257,0.001,0.141,0.065,0.5,251.25,286.88,4870.7,3.5271
265,0.001,0.141,0.07,0.5,251.39,275.18,4483.4,3.556
273,0.001,0.141,0.075,0.5,251.52,262.48,4081,3.583
281,0.001,0.141,0.08,0.5,251.65,248.66,3664.7,3.6086
282,0.001,0.141,0.08,0.6,242.9,250.75,3722.3,3.0071
289,0.001,0.143,0.04,0.5,250.43,340.68,6855.2,3.3437
297,0.001,0.143,0.045,0.5,250.61,334.19,6598.3,3.3873
305,0.001,0.143,0.05,0.5,250.79,326.71,6308,3.4268
313,0.001,0.143,0.055,0.5,250.96,318.18,5984.7,3.4629
321,0.001,0.143,0.06,0.5,251.12,308.6,5632,3.4962
329,0.001,0.143,0.065,0.5,251.27,297.94,5251.5,3.5271
337,0.001,0.143,0.07,0.5,251.41,286.26,4849.9,3.556
345,0.001,0.143,0.075,0.5,251.54,273.51,4429.6,3.583
353,0.001,0.143,0.08,0.5,251.67,259.71,3995.9,3.6086
354,0.001,0.143,0.08,0.6,242.94,261.85,4057.6,3.0071
361,0.001,0.145,0.04,0.5,250.47,352.06,7318.1,3.3437
369,0.001,0.145,0.045,0.5,250.65,345.55,7051.7,3.3873
377,0.001,0.145,0.05,0.5,250.82,338.04,6750.4,3.4268
385,0.001,0.145,0.055,0.5,250.99,329.54,6417.3,3.4629
393,0.001,0.145,0.06,0.5,251.14,319.93,6050.6,3.4962
401,0.001,0.145,0.065,0.5,251.29,309.28,5657,3.5271
409,0.001,0.145,0.07,0.5,251.43,297.56,5238.4,3.556
417,0.001,0.145,0.075,0.5,251.56,284.76,4799.9,3.583
425,0.001,0.145,0.08,0.5,251.69,270.97,4348.5,3.6086
426,0.001,0.145,0.08,0.6,242.98,273.17,4414.4,3.0071
433,0.001,0.147,0.04,0.5,250.5,363.53,7800.1,3.3437
441,0.001,0.147,0.045,0.5,250.68,357.06,7526.9,3.3873
449,0.001,0.147,0.05,0.5,250.85,349.59,7217.1,3.4268
457,0.001,0.147,0.055,0.5,251.01,341.06,6871.3,3.4629
465,0.001,0.147,0.06,0.5,251.17,331.41,6490.4,3.4962
473,0.001,0.147,0.065,0.5,251.32,320.79,6083.6,3.5271
481,0.001,0.147,0.07,0.5,251.45,309.02,5647.8,3.556
489,0.001,0.147,0.075,0.5,251.58,296.24,5192.7,3.583
497,0.001,0.147,0.08,0.5,251.7,282.4,4721.3,3.6086
498,0.001,0.147,0.08,0.6,243.02,284.71,4793.5,3.0071
505,0.001,0.149,0.04,0.5,250.54,375.31,8310.6,3.3437
513,0.001,0.149,0.045,0.5,250.71,368.82,8027.4,3.3873
521,0.001,0.149,0.05,0.5,250.88,361.31,7706.3,3.4268
529,0.001,0.149,0.055,0.5,251.04,352.81,7350.3,3.4629
537,0.001,0.149,0.06,0.5,251.19,343.19,6957.4,3.4962
545,0.001,0.149,0.065,0.5,251.34,332.47,6531.9,3.5271
553,0.001,0.149,0.07,0.5,251.47,320.78,6083.4,3.556
561,0.001,0.149,0.075,0.5,251.6,307.95,5609.1,3.583
569,0.001,0.149,0.08,0.5,251.72,294.06,5117.1,3.6086
570,0.001,0.149,0.08,0.6,243.06,296.48,5196.1,3.0071
577,0.001,0.151,0.04,0.5,250.57,387.32,8847.7,3.3437
585,0.001,0.151,0.045,0.5,250.74,380.8,8554.4,3.3873
593,0.001,0.151,0.05,0.5,250.91,373.27,8221.6,3.4268
601,0.001,0.151,0.055,0.5,251.07,364.73,7852.4,3.4629
609,0.001,0.151,0.06,0.5,251.22,355.14,7447.4,3.4962
617,0.001,0.151,0.065,0.5,251.36,344.44,7008.1,3.5271
625,0.001,0.151,0.07,0.5,251.5,332.64,6539,3.556
633,0.001,0.151,0.075,0.5,251.62,319.82,6047.7,3.583
641,0.001,0.151,0.08,0.5,251.74,305.94,5536.9,3.6086
642,0.001,0.151,0.08,0.6,243.1,308.42,5620.7,3.0071
649,0.001,0.153,0.04,0.5,250.61,399.51,9409.4,3.3437
657,0.001,0.153,0.045,0.5,250.78,393.02,9108.8,3.3873
665,0.001,0.153,0.05,0.5,250.94,385.46,8764,3.4268
673,0.001,0.153,0.055,0.5,251.09,376.89,8381.3,3.4629
681,0.001,0.153,0.06,0.5,251.24,367.26,7961.3,3.4962
689,0.001,0.153,0.065,0.5,251.38,356.58,7507.9,3.5271
697,0.001,0.153,0.07,0.5,251.52,344.8,7023,3.556
705,0.001,0.153,0.075,0.5,251.64,331.93,6511.7,3.583
713,0.001,0.153,0.08,0.5,251.76,318.06,5981.7,3.6086
714,0.001,0.153,0.08,0.6,243.14,320.58,6070.5,3.0071
721,0.001,0.155,0.04,0.5,250.64,411.93,9999.8,3.3437
729,0.001,0.155,0.045,0.5,250.81,405.42,9688.7,3.3873
737,0.001,0.155,0.05,0.5,250.97,397.89,9334.8,3.4268
745,0.001,0.155,0.055,0.5,251.12,389.29,8938.2,3.4629
753,0.001,0.155,0.06,0.5,251.27,379.68,8505.6,3.4962
761,0.001,0.155,0.065,0.5,251.41,368.96,8035,3.5271
769,0.001,0.155,0.07,0.5,251.54,357.13,7531.3,3.556
777,0.001,0.155,0.075,0.5,251.66,344.27,7002.1,3.583
785,0.001,0.155,0.08,0.5,251.78,330.34,6450.2,3.6086
786,0.001,0.155,0.08,0.6,243.18,332.92,6544,3.0071
793,0.0015,0.135,0.04,0.5,242.96,302.49,5359.4,3.3437
801,0.0015,0.135,0.045,0.5,243.1,295.81,5126.7,3.3873
809,0.0015,0.135,0.05,0.5,243.23,288.14,4865.8,3.4268
817,0.0015,0.135,0.055,0.5,243.36,279.42,4577.5,3.4629
825,0.0015,0.135,0.06,0.5,243.47,269.61,4263.1,3.4962
833,0.0015,0.135,0.065,0.5,243.57,258.77,3928.9,3.5271
841,0.0015,0.135,0.07,0.5,243.67,246.86,3577.2,3.556
849,0.0015,0.135,0.075,0.5,243.75,233.89,3212.7,3.583
857,0.0015,0.135,0.08,0.5,243.83,219.94,2842.5,3.6086
858,0.0015,0.135,0.08,0.6,237.16,223.37,2926,3.0071
865,0.0015,0.137,0.04,0.5,242.99,313.16,5742.6,3.3437
873,0.0015,0.137,0.045,0.5,243.13,306.53,5503.3,3.3873
881,0.0015,0.137,0.05,0.5,243.26,298.83,5231.9,3.4268
889,0.0015,0.137,0.055,0.5,243.38,290.08,4931.8,3.4629
897,0.0015,0.137,0.06,0.5,243.49,280.3,4606.4,3.4962
905,0.0015,0.137,0.065,0.5,243.59,269.42,4257.5,3.5271
913,0.0015,0.137,0.07,0.5,243.68,257.53,3891.9,3.556
921,0.0015,0.137,0.075,0.5,243.77,244.58,3512,3.583
929,0.0015,0.137,0.08,0.5,243.85,230.51,3121.3,3.6086
930,0.0015,0.137,0.08,0.6,237.19,234.14,3214,3.0071
937,0.0015,0.139,0.04,0.5,243.02,324.08,6147.9,3.3437
945,0.0015,0.139,0.045,0.5,243.15,317.42,5899.3,3.3873
953,0.0015,0.139,0.05,0.5,243.28,309.76,5619.8,3.4268
961,0.0015,0.139,0.055,0.5,243.4,300.98,5307.4,3.4629
969,0.0015,0.139,0.06,0.5,243.51,291.16,4968.5,3.4962
977,0.0015,0.139,0.065,0.5,243.61,280.3,4607,3.5271
985,0.0015,0.139,0.07,0.5,243.7,268.37,4224.9,3.556
993,0.0015,0.139,0.075,0.5,243.79,255.37,3827.4,3.583
1001,0.0015,0.139,0.08,0.5,243.86,241.32,3419.6,3.6086
1002,0.0015,0.139,0.08,0.6,237.23,245.15,3522.1,3.0071
1009,0.0015,0.141,0.04,0.5,243.05,335.24,6576.3,3.3437
1017,0.0015,0.141,0.045,0.5,243.18,328.55,6318.2,3.3873
1025,0.0015,0.141,0.05,0.5,243.3,320.86,6027.7,3.4268
1033,0.0015,0.141,0.055,0.5,243.42,312.11,5705.5,3.4629
1041,0.0015,0.141,0.06,0.5,243.53,302.25,5352.6,3.4962
1049,0.0015,0.141,0.065,0.5,243.62,291.36,4975.8,3.5271
1057,0.0015,0.141,0.07,0.5,243.72,279.45,4579.3,3.556
1065,0.0015,0.141,0.075,0.5,243.8,266.46,4165.7,3.583
1073,0.0015,0.141,0.08,0.5,243.88,252.36,3738.4,3.6086
1074,0.0015,0.141,0.08,0.6,237.26,256.33,3849.2,3.0071
1081,0.0015,0.143,0.04,0.5,243.07,346.57,7026,3.3437
1089,0.0015,0.143,0.045,0.5,243.2,339.85,6758.1,3.3873
1097,0.0015,0.143,0.05,0.5,243.32,332.13,6456.5,3.4268
1105,0.0015,0.143,0.055,0.5,243.44,323.42,6124.3,3.4629
1113,0.0015,0.143,0.06,0.5,243.54,313.59,5759.7,3.4962
1121,0.0015,0.143,0.065,0.5,243.64,302.65,5367.2,3.5271
1129,0.0015,0.143,0.07,0.5,243.73,290.7,4953.6,3.556
1137,0.0015,0.143,0.075,0.5,243.81,277.66,4521.6,3.583
1145,0.0015,0.143,0.08,0.5,243.89,263.57,4076.4,3.6086
1146,0.0015,0.143,0.08,0.6,237.3,267.67,4196,3.0071
1153,0.0015,0.145,0.04,0.5,243.1,358.08,7497.7,3.3472
1161,0.0015,0.145,0.045,0.5,243.22,351.4,7222.7,3.3873
1169,0.0015,0.145,0.05,0.5,243.34,343.72,6912.5,3.4268
1177,0.0015,0.145,0.055,0.5,243.46,334.91,6564.5,3.4629
1185,0.0015,0.145,0.06,0.5,243.56,325.1,6188.2,3.4962
1193,0.0015,0.145,0.065,0.5,243.66,314.19,5782.1,3.5271
1201,0.0015,0.145,0.07,0.5,243.75,302.18,5351,3.556
1209,0.0015,0.145,0.075,0.5,243.83,289.17,4902.3,3.583
1217,0.0015,0.145,0.08,0.5,243.9,275.02,4436.6,3.6086
1218,0.0015,0.145,0.08,0.6,237.33,279.26,4565.4,3.0071
1225,0.0015,0.147,0.04,0.5,243.12,369.83,7995.2,3.3516
1233,0.0015,0.147,0.045,0.5,243.25,363.2,7713.1,3.3873
1241,0.0015,0.147,0.05,0.5,243.36,355.42,7388.2,3.4268
1249,0.0015,0.147,0.055,0.5,243.48,346.63,7029.8,3.4629
1257,0.0015,0.147,0.06,0.5,243.58,336.79,6638.7,3.4962
1265,0.0015,0.147,0.065,0.5,243.67,325.91,6219,3.5271
1273,0.0015,0.147,0.07,0.5,243.76,313.92,5772.5,3.556
1281,0.0015,0.147,0.075,0.5,243.84,300.85,5304.4,3.583
1289,0.0015,0.147,0.08,0.5,243.92,286.71,4820,3.6086
1290,0.0015,0.147,0.08,0.6,237.37,291.09,4958.6,3.0071
1297,0.0015,0.149,0.04,0.5,243.15,381.84,8519.6,3.356
1305,0.0015,0.149,0.045,0.5,243.27,375.18,8227.2,3.3873
1313,0.0015,0.149,0.05,0.5,243.39,367.43,7893.3,3.4268
1321,0.0015,0.149,0.055,0.5,243.49,358.61,7521.3,3.4629
1329,0.0015,0.149,0.06,0.5,243.6,348.8,7117.9,3.4962
1337,0.0015,0.149,0.065,0.5,243.69,337.8,6678.6,3.5271
1345,0.0015,0.149,0.07,0.5,243.78,325.83,6216.5,3.556
1353,0.0015,0.149,0.075,0.5,243.86,312.7,5728.5,3.583
1361,0.0015,0.149,0.08,0.5,243.93,298.51,5222.9,3.6086
1362,0.0015,0.149,0.08,0.6,237.4,303.09,5374.1,3.0071
1369,0.0015,0.151,0.04,0.5,243.17,394.03,9068.8,3.3603
1377,0.0015,0.151,0.045,0.5,243.29,387.34,8765.9,3.3873
1385,0.0015,0.151,0.05,0.5,243.41,379.63,8422.9,3.4268
1393,0.0015,0.151,0.055,0.5,243.51,370.84,8040.1,3.4629
1401,0.0015,0.151,0.06,0.5,243.61,360.92,7618.2,3.4962
1409,0.0015,0.151,0.065,0.5,243.7,350.01,7167.5,3.5271
1417,0.0015,0.151,0.07,0.5,243.79,337.92,6683.9,3.556
1425,0.0015,0.151,0.075,0.5,243.87,324.81,6178.3,3.583
1433,0.0015,0.151,0.08,0.5,243.94,310.62,5653.3,3.6086
1434,0.0015,0.151,0.08,0.6,237.43,315.34,5815.2,3.0071
1441,0.0015,0.153,0.04,0.5,243.19,406.47,9647.1,3.3646
1449,0.0015,0.153,0.045,0.5,243.31,399.76,9333.3,3.3873
1457,0.0015,0.153,0.05,0.5,243.42,392.01,8977.9,3.4268
1465,0.0015,0.153,0.055,0.5,243.53,383.26,8584.1,3.4629
1473,0.0015,0.153,0.06,0.5,243.63,373.36,8149.4,3.4962
1481,0.0015,0.153,0.065,0.5,243.72,362.33,7678.2,3.5271
1489,0.0015,0.153,0.07,0.5,243.8,350.26,7178.3,3.556
1497,0.0015,0.153,0.075,0.5,243.88,337.16,6654.6,3.583
1505,0.0015,0.153,0.08,0.5,243.96,322.91,6107.2,3.6086
1506,0.0015,0.153,0.08,0.6,237.47,327.85,6283.1,3.0071
1513,0.0015,0.155,0.04,0.5,243.22,419.1,10252,3.3688
1521,0.0015,0.155,0.045,0.5,243.33,412.43,9930.7,3.3873
1529,0.0015,0.155,0.05,0.5,243.44,404.65,9562.5,3.4268
1537,0.0015,0.155,0.055,0.5,243.55,395.86,9154.3,3.4629
1545,0.0015,0.155,0.06,0.5,243.64,385.99,8706.6,3.4962
1553,0.0015,0.155,0.065,0.5,243.73,374.98,8220.4,3.5271
1561,0.0015,0.155,0.07,0.5,243.82,362.86,7700.8,3.556
1569,0.0015,0.155,0.075,0.5,243.9,349.7,7156,3.583
1577,0.0015,0.155,0.08,0.5,243.97,335.46,6588.4,3.6086
1578,0.0015,0.155,0.08,0.6,237.5,340.53,6776.1,3.0071
1585,0.002,0.135,0.04,0.5,236.06,300.23,5265.6,3.4004
1593,0.002,0.135,0.045,0.5,236.16,293.58,5036.2,3.4081
1601,0.002,0.135,0.05,0.5,236.27,285.91,4778.2,3.4268
1609,0.002,0.135,0.055,0.5,236.36,277.18,4492.4,3.4629
1617,0.002,0.135,0.06,0.5,236.44,267.46,4184.7,3.4962
1625,0.002,0.135,0.065,0.5,236.52,256.64,3854.4,3.5271
1633,0.002,0.135,0.07,0.5,236.59,244.79,3508.3,3.556
1641,0.002,0.135,0.075,0.5,236.65,231.92,3150.9,3.583
1649,0.002,0.135,0.08,0.5,236.7,218,2785.4,3.6086
1650,0.002,0.135,0.08,0.6,231.16,222.34,2890.1,3.0071
1657,0.002,0.137,0.04,0.5,236.08,310.86,5643.5,3.405
1665,0.002,0.137,0.045,0.5,236.18,304.18,5405.1,3.4126
1673,0.002,0.137,0.05,0.5,236.28,296.49,5136.7,3.4268
1681,0.002,0.137,0.055,0.5,236.37,287.8,4841.5,3.4629
1689,0.002,0.137,0.06,0.5,236.46,278.04,4520.6,3.4962
1697,0.002,0.137,0.065,0.5,236.53,267.24,4178.1,3.5271
1705,0.002,0.137,0.07,0.5,236.6,255.41,3818.2,3.556
1713,0.002,0.137,0.075,0.5,236.66,242.5,3443.6,3.583
1721,0.002,0.137,0.08,0.5,236.71,228.52,3059.8,3.6086
1722,0.002,0.137,0.08,0.6,231.19,233.04,3173.9,3.0071
1729,0.002,0.139,0.04,0.5,236.1,321.67,6040.8,3.4097
1737,0.002,0.139,0.045,0.5,236.2,315.04,5795.7,3.4171
1745,0.002,0.139,0.05,0.5,236.3,307.38,5519.2,3.4268
1753,0.002,0.139,0.055,0.5,236.39,298.65,5212,3.4629
1761,0.002,0.139,0.06,0.5,236.47,288.86,4877.6,3.4962
1769,0.002,0.139,0.065,0.5,236.54,278.02,4520.3,3.5271
1777,0.002,0.139,0.07,0.5,236.61,266.14,4144.3,3.556
1785,0.002,0.139,0.075,0.5,236.67,253.25,3754.3,3.583
1793,0.002,0.139,0.08,0.5,236.72,239.28,3353.5,3.6086
1794,0.002,0.139,0.08,0.6,231.22,243.98,3477.7,3.0071
1801,0.002,0.141,0.04,0.5,236.12,332.73,6461,3.4143
1809,0.002,0.141,0.045,0.5,236.22,326.07,6206.5,3.4216
1817,0.002,0.141,0.05,0.5,236.32,318.38,5919.1,3.4294
1825,0.002,0.141,0.055,0.5,236.41,309.68,5602.2,3.4629
1833,0.002,0.141,0.06,0.5,236.49,299.85,5254.1,3.4962
1841,0.002,0.141,0.065,0.5,236.56,289.03,4883.9,3.5271
1849,0.002,0.141,0.07,0.5,236.62,277.11,4491.4,3.556
1857,0.002,0.141,0.075,0.5,236.68,264.16,4083.6,3.583
1865,0.002,0.141,0.08,0.5,236.73,250.21,3665.6,3.6086
1866,0.002,0.141,0.08,0.6,231.25,255.09,3800.4,3.0071
1873,0.002,0.143,0.04,0.5,236.14,343.96,6902.2,3.4189
1881,0.002,0.143,0.045,0.5,236.24,337.34,6640.9,3.426
1889,0.002,0.143,0.05,0.5,236.33,329.62,6342.4,3.4337
1897,0.002,0.143,0.055,0.5,236.42,320.89,6012.9,3.4629
1905,0.002,0.143,0.06,0.5,236.5,311.09,5653.3,3.4962
1913,0.002,0.143,0.065,0.5,236.57,300.23,5267.7,3.5271
1921,0.002,0.143,0.07,0.5,236.64,288.32,4860.5,3.556
1929,0.002,0.143,0.075,0.5,236.69,275.4,4436.6,3.583
1937,0.002,0.143,0.08,0.5,236.75,261.32,3996.8,3.6086
1938,0.002,0.143,0.08,0.6,231.28,266.44,4144.9,3.0071
1945,0.002,0.145,0.04,0.5,236.16,355.45,7368.2,3.4234
1953,0.002,0.145,0.045,0.5,236.26,348.8,7097,3.4304
1961,0.002,0.145,0.05,0.5,236.35,341.12,6790,3.4379
1969,0.002,0.145,0.055,0.5,236.44,332.35,6447.6,3.4629
1977,0.002,0.145,0.06,0.5,236.51,322.5,6073.6,3.4962
1985,0.002,0.145,0.065,0.5,236.58,311.67,5674.7,3.5271
1993,0.002,0.145,0.07,0.5,236.65,299.71,5250.2,3.556
2001,0.002,0.145,0.075,0.5,236.7,286.73,4807.6,3.583
2009,0.002,0.145,0.08,0.5,236.76,272.67,4349.8,3.6086
2010,0.002,0.145,0.08,0.6,231.32,278.05,4512.1,3.0071
2017,0.002,0.147,0.04,0.5,236.18,367.18,7860,3.4279
2025,0.002,0.147,0.045,0.5,236.28,360.51,7578.8,3.4347
2033,0.002,0.147,0.05,0.5,236.37,352.79,7260.2,3.442
2041,0.002,0.147,0.055,0.5,236.45,343.99,6904.6,3.4629
2049,0.002,0.147,0.06,0.5,236.53,334.17,6518.6,3.4962
2057,0.002,0.147,0.065,0.5,236.6,323.29,6103.5,3.5271
2065,0.002,0.147,0.07,0.5,236.66,311.35,5663.9,3.556
2073,0.002,0.147,0.075,0.5,236.72,298.32,5202,3.583
2081,0.002,0.147,0.08,0.5,236.77,284.26,4725.9,3.6086
2082,0.002,0.147,0.08,0.6,231.35,289.76,4898.4,3.0071
2089,0.002,0.149,0.04,0.5,236.2,379.03,8372.5,3.4324
2097,0.002,0.149,0.045,0.5,236.29,372.4,8084.1,3.439
2105,0.002,0.149,0.05,0.5,236.38,364.65,7753.6,3.4462
2113,0.002,0.149,0.055,0.5,236.46,355.88,7387.5,3.4629
2121,0.002,0.149,0.06,0.5,236.54,346.02,6986.5,3.4962
2129,0.002,0.149,0.065,0.5,236.61,335.16,6557.6,3.5271
2137,0.002,0.149,0.07,0.5,236.67,323.18,6099.8,3.556
2145,0.002,0.149,0.075,0.5,236.73,310.15,5620.9,3.583
2153,0.002,0.149,0.08,0.5,236.78,296.03,5123.6,3.6086
2154,0.002,0.149,0.08,0.6,231.38,301.79,5311.7,3.0071
2161,0.002,0.151,0.04,0.5,236.22,391.21,8916,3.4368
2169,0.002,0.151,0.045,0.5,236.31,384.55,8617.1,3.4433
2177,0.002,0.151,0.05,0.5,236.4,376.77,8274.4,3.4503
2185,0.002,0.151,0.055,0.5,236.48,368.03,7897.6,3.4629
2193,0.002,0.151,0.06,0.5,236.55,358.12,7481.1,3.4962
2201,0.002,0.151,0.065,0.5,236.62,347.22,7035.3,3.5271
2209,0.002,0.151,0.07,0.5,236.68,335.25,6561.7,3.556
2217,0.002,0.151,0.075,0.5,236.74,322.17,6062.6,3.583
2225,0.002,0.151,0.08,0.5,236.79,307.99,5543.7,3.6086
2226,0.002,0.151,0.08,0.6,231.41,313.94,5745.7,3.0071
2233,0.002,0.153,0.04,0.5,236.24,403.59,9485.2,3.4411
2241,0.002,0.153,0.045,0.5,236.33,396.89,9175.5,3.4475
2249,0.002,0.153,0.05,0.5,236.41,389.15,8823.6,3.4544
2257,0.002,0.153,0.055,0.5,236.49,380.37,8432.7,3.4629
2265,0.002,0.153,0.06,0.5,236.56,370.49,8003.5,3.4962
2273,0.002,0.153,0.065,0.5,236.63,359.53,7540.3,3.5271
2281,0.002,0.153,0.07,0.5,236.69,347.51,7047.7,3.556
2289,0.002,0.153,0.075,0.5,236.75,334.37,6528,3.583
2297,0.002,0.153,0.08,0.5,236.8,320.2,5989.6,3.6086
2298,0.002,0.153,0.08,0.6,231.44,326.41,6209,3.0071
2305,0.002,0.155,0.04,0.5,236.25,416.15,10081,3.4455
2313,0.002,0.155,0.045,0.5,236.34,409.42,9760.3,3.4517
2321,0.002,0.155,0.05,0.5,236.43,401.72,9399.1,3.4585
2329,0.002,0.155,0.055,0.5,236.51,392.89,8993.9,3.4657
2337,0.002,0.155,0.06,0.5,236.58,382.97,8548.6,3.4962
2345,0.002,0.155,0.065,0.5,236.64,372.04,8070.7,3.5271
2353,0.002,0.155,0.07,0.5,236.7,359.96,7558.7,3.556
2361,0.002,0.155,0.075,0.5,236.76,346.83,7020.8,3.583
2369,0.002,0.155,0.08,0.5,236.8,332.67,6462.5,3.6086
2370,0.002,0.155,0.08,0.6,231.47,339.07,6697.4,3.0071
2377,0.0025,0.135,0.04,0.5,229.79,295.63,5104.4,3.4467
2385,0.0025,0.135,0.045,0.5,229.88,289.08,4882.1,3.4546
2393,0.0025,0.135,0.05,0.5,229.96,281.44,4629.2,3.463
2401,0.0025,0.135,0.055,0.5,230.03,272.88,4353.4,3.472
2409,0.0025,0.135,0.06,0.5,230.1,263.26,4053.5,3.4962
2417,0.0025,0.135,0.065,0.5,230.16,252.6,3733.6,3.5271
2425,0.0025,0.135,0.07,0.5,230.21,240.92,3397.8,3.556
2433,0.0025,0.135,0.075,0.5,230.25,228.22,3050.7,3.583
2441,0.0025,0.135,0.08,0.5,230.29,214.46,2695.5,3.6086
2442,0.0025,0.135,0.08,0.6,225.47,219.28,2810,3.0071
2449,0.0025,0.137,0.04,0.5,229.81,306.08,5469.9,3.4515
2457,0.0025,0.137,0.045,0.5,229.89,299.5,5238.8,3.4592
2465,0.0025,0.137,0.05,0.5,229.97,291.91,4978.1,3.4674
2473,0.0025,0.137,0.055,0.5,230.05,283.31,4690.9,3.4762
2481,0.0025,0.137,0.06,0.5,230.11,273.65,4378.3,3.4962
2489,0.0025,0.137,0.065,0.5,230.17,263.02,4046.5,3.5271
2497,0.0025,0.137,0.07,0.5,230.22,251.29,3695.3,3.556
2505,0.0025,0.137,0.075,0.5,230.26,238.61,3333.6,3.583
2513,0.0025,0.137,0.08,0.5,230.3,224.87,2962.3,3.6086
2514,0.0025,0.137,0.08,0.6,225.5,229.89,3087.4,3.0071
2521,0.0025,0.139,0.04,0.5,229.82,316.77,5856.9,3.4562
2529,0.0025,0.139,0.045,0.5,229.91,310.17,5616.8,3.4637
2537,0.0025,0.139,0.05,0.5,229.99,302.61,5348.2,3.4718
2545,0.0025,0.139,0.055,0.5,230.06,293.98,5049.2,3.4804
2553,0.0025,0.139,0.06,0.5,230.12,284.35,4725.8,3.4962
2561,0.0025,0.139,0.065,0.5,230.18,273.68,4379.6,3.5271
2569,0.0025,0.139,0.07,0.5,230.23,261.97,4014.7,3.556
2577,0.0025,0.139,0.075,0.5,230.27,249.17,3633.9,3.583
2585,0.0025,0.139,0.08,0.5,230.31,235.44,3246.3,3.6086
2586,0.0025,0.139,0.08,0.6,225.53,240.67,3382.5,3.0071
2593,0.0025,0.141,0.04,0.5,229.84,327.64,6263.6,3.4608
2601,0.0025,0.141,0.045,0.5,229.93,321.08,6016.9,3.4682
2609,0.0025,0.141,0.05,0.5,230,313.49,5737.8,3.4761
2617,0.0025,0.141,0.055,0.5,230.07,304.82,5426.8,3.4845
2625,0.0025,0.141,0.06,0.5,230.14,295.16,5090,3.4962
2633,0.0025,0.141,0.065,0.5,230.19,284.51,4731.4,3.5271
2641,0.0025,0.141,0.07,0.5,230.24,272.75,4350.4,3.556
2649,0.0025,0.141,0.075,0.5,230.28,259.97,3954.3,3.583
2657,0.0025,0.141,0.08,0.5,230.32,246.18,3548,3.6086
2658,0.0025,0.141,0.08,0.6,225.56,251.69,3698.1,3.0071
2665,0.0025,0.143,0.04,0.5,229.86,338.76,6693.7,3.4654
2673,0.0025,0.143,0.045,0.5,229.94,332.17,6437.5,3.4726
2681,0.0025,0.143,0.05,0.5,230.02,324.55,6147.6,3.4804
2689,0.0025,0.143,0.055,0.5,230.08,315.92,5826.9,3.4886
2697,0.0025,0.143,0.06,0.5,230.15,306.21,5476.4,3.4973
2705,0.0025,0.143,0.065,0.5,230.2,295.51,5102.7,3.5271
2713,0.0025,0.143,0.07,0.5,230.25,283.77,4707.6,3.556
2721,0.0025,0.143,0.075,0.5,230.29,271.01,4295.8,3.583
2729,0.0025,0.143,0.08,0.5,230.33,257.17,3870.3,3.6086
2730,0.0025,0.143,0.08,0.6,225.59,262.89,4033,3.0071
2737,0.0025,0.145,0.04,0.5,229.87,350.06,7145.1,3.47
2745,0.0025,0.145,0.045,0.5,229.96,343.44,6879.4,3.4771
2753,0.0025,0.145,0.05,0.5,230.03,335.86,6581.1,3.4847
2761,0.0025,0.145,0.055,0.5,230.1,327.19,6247.8,3.4928
2769,0.0025,0.145,0.06,0.5,230.16,317.51,5885.9,3.5012
2777,0.0025,0.145,0.065,0.5,230.21,306.77,5496.8,3.5271
2785,0.0025,0.145,0.07,0.5,230.26,294.98,5084.8,3.556
2793,0.0025,0.145,0.075,0.5,230.3,282.16,4654.9,3.583
2801,0.0025,0.145,0.08,0.5,230.34,268.33,4212,3.6086
2802,0.0025,0.145,0.08,0.6,225.62,274.26,4387.9,3.0071
2809,0.0025,0.147,0.04,0.5,229.89,361.54,7618.8,3.4746
2817,0.0025,0.147,0.045,0.5,229.97,354.97,7346.1,3.4815
2825,0.0025,0.147,0.05,0.5,230.04,347.35,7036.6,3.4889
2833,0.0025,0.147,0.055,0.5,230.11,338.71,6693.2,3.4968
2841,0.0025,0.147,0.06,0.5,230.17,328.99,6317,3.5052
2849,0.0025,0.147,0.065,0.5,230.22,318.2,5912,3.5271
2857,0.0025,0.147,0.07,0.5,230.27,306.43,5485.3,3.556
2865,0.0025,0.147,0.075,0.5,230.31,293.63,5039,3.583
2873,0.0025,0.147,0.08,0.5,230.35,279.73,4576,3.6086
2874,0.0025,0.147,0.08,0.6,225.65,285.88,4766,3.0071
2881,0.0025,0.149,0.04,0.5,229.91,373.28,8118.6,3.4791
2889,0.0025,0.149,0.045,0.5,229.98,366.68,7835.9,3.4858
2897,0.0025,0.149,0.05,0.5,230.06,359.1,7517.7,3.4931
2905,0.0025,0.149,0.055,0.5,230.12,350.42,7161.3,3.5009
2913,0.0025,0.149,0.06,0.5,230.18,340.66,6770.3,3.5091
2921,0.0025,0.149,0.065,0.5,230.23,329.89,6351.9,3.5271
2929,0.0025,0.149,0.07,0.5,230.28,318.07,5907.5,3.556
2937,0.0025,0.149,0.075,0.5,230.32,305.2,5442.2,3.583
2945,0.0025,0.149,0.08,0.5,230.36,291.32,4961,3.6086
2946,0.0025,0.149,0.08,0.6,225.67,297.69,5165.8,3.0071
2953,0.0025,0.151,0.04,0.5,229.92,385.28,8645.6,3.4836
2961,0.0025,0.151,0.045,0.5,230,378.65,8352.6,3.4902
2969,0.0025,0.151,0.05,0.5,230.07,371.03,8022.7,3.4973
2977,0.0025,0.151,0.055,0.5,230.13,362.31,7652.7,3.5049
2985,0.0025,0.151,0.06,0.5,230.19,352.58,7249.7,3.5129
2993,0.0025,0.151,0.065,0.5,230.24,341.83,6817.5,3.5271
3001,0.0025,0.151,0.07,0.5,230.29,329.96,6355,3.556
3009,0.0025,0.151,0.075,0.5,230.33,317.04,5870,3.583
3017,0.0025,0.151,0.08,0.5,230.36,303.09,5367.9,3.6086
3018,0.0025,0.151,0.08,0.6,225.7,309.75,5590.8,3.0071
3025,0.0025,0.153,0.04,0.5,229.94,397.47,9197.8,3.488
3033,0.0025,0.153,0.045,0.5,230.01,390.8,8894.2,3.4945
3041,0.0025,0.153,0.05,0.5,230.08,383.16,8552.1,3.5015
3049,0.0025,0.153,0.055,0.5,230.14,374.47,8171.6,3.5089
3057,0.0025,0.153,0.06,0.5,230.2,364.76,7756.3,3.5168
3065,0.0025,0.153,0.065,0.5,230.25,353.89,7304.2,3.5271
3073,0.0025,0.153,0.07,0.5,230.3,342.03,6826,3.556
3081,0.0025,0.153,0.075,0.5,230.34,329.12,6323.7,3.583
3089,0.0025,0.153,0.08,0.5,230.37,315.11,5800,3.6086
3090,0.0025,0.153,0.08,0.6,225.73,322.07,6042,3.0071
3097,0.0025,0.155,0.04,0.5,229.95,409.85,9775.9,3.4924
3105,0.0025,0.155,0.045,0.5,230.02,403.23,9464.9,3.4987
3113,0.0025,0.155,0.05,0.5,230.09,395.54,9110.4,3.5056
3121,0.0025,0.155,0.055,0.5,230.15,386.89,8719.1,3.5129
3129,0.0025,0.155,0.06,0.5,230.21,377.06,8284.9,3.5206
3137,0.0025,0.155,0.065,0.5,230.26,366.28,7821.6,3.5287
3145,0.0025,0.155,0.07,0.5,230.3,354.37,7324.4,3.556
3153,0.0025,0.155,0.075,0.5,230.34,341.4,6801.5,3.583
3161,0.0025,0.155,0.08,0.5,230.38,327.4,6258.4,3.6086
3162,0.0025,0.155,0.08,0.6,225.76,334.5,6515,3.0071
3169,0.003,0.135,0.04,0.5,224.08,290.16,4921.9,3.478
3177,0.003,0.135,0.045,0.5,224.15,283.71,4706.8,3.4859
3185,0.003,0.135,0.05,0.5,224.22,276.25,4464,3.4944
3193,0.003,0.135,0.055,0.5,224.28,267.8,4196.6,3.5034
3201,0.003,0.135,0.06,0.5,224.33,258.3,3905.8,3.5129
3209,0.003,0.135,0.065,0.5,224.38,247.83,3597.5,3.5271
3217,0.003,0.135,0.07,0.5,224.42,236.35,3273.6,3.556
3225,0.003,0.135,0.075,0.5,224.45,223.87,2938.5,3.583
3233,0.003,0.135,0.08,0.5,224.48,210.41,2597.1,3.6086
3234,0.003,0.135,0.08,0.6,220.18,215.51,2716.2,3.0071
3241,0.003,0.137,0.04,0.5,224.09,300.47,5276.2,3.4827
3249,0.003,0.137,0.045,0.5,224.17,293.99,5052.5,3.4905
3257,0.003,0.137,0.05,0.5,224.23,286.5,4799.9,3.4989
3265,0.003,0.137,0.055,0.5,224.29,278.01,4521.5,3.5077
3273,0.003,0.137,0.06,0.5,224.35,268.55,4220.5,3.517
3281,0.003,0.137,0.065,0.5,224.39,258.11,3900.6,3.5271
3289,0.003,0.137,0.07,0.5,224.43,246.58,3561.8,3.556
3297,0.003,0.137,0.075,0.5,224.46,234.05,3210.7,3.583
3305,0.003,0.137,0.08,0.5,224.49,220.6,2853.8,3.6086
3306,0.003,0.137,0.08,0.6,220.21,225.93,2984,3.0071
3313,0.003,0.139,0.04,0.5,224.11,310.96,5648.9,3.4875
3321,0.003,0.139,0.045,0.5,224.18,304.45,5416.4,3.4951
3329,0.003,0.139,0.05,0.5,224.25,297,5156.3,3.5032
3337,0.003,0.139,0.055,0.5,224.3,288.54,4868.8,3.5119
3345,0.003,0.139,0.06,0.5,224.36,279.04,4555.1,3.521
3353,0.003,0.139,0.065,0.5,224.4,268.49,4219.1,3.5304
3361,0.003,0.139,0.07,0.5,224.44,256.98,3867.1,3.556
3369,0.003,0.139,0.075,0.5,224.47,244.47,3501.5,3.583
3377,0.003,0.139,0.08,0.5,224.5,230.96,3127,3.6086
3378,0.003,0.139,0.08,0.6,220.24,236.58,3271,3.0071
3385,0.003,0.141,0.04,0.5,224.12,321.61,6040.7,3.4922
3393,0.003,0.141,0.045,0.5,224.19,315.15,5801.9,3.4996
3401,0.003,0.141,0.05,0.5,224.26,307.66,5531.4,3.5076
3409,0.003,0.141,0.055,0.5,224.31,299.18,5232.4,3.5161
3417,0.003,0.141,0.06,0.5,224.37,289.7,4908.1,3.525
3425,0.003,0.141,0.065,0.5,224.41,279.17,4560,3.5342
3433,0.003,0.141,0.07,0.5,224.45,267.62,4192.4,3.556
3441,0.003,0.141,0.075,0.5,224.48,255.05,3809.9,3.583
3449,0.003,0.141,0.08,0.5,224.51,241.49,3417.4,3.6086
3450,0.003,0.141,0.08,0.6,220.26,247.34,3573.9,3.0071
3457,0.003,0.143,0.04,0.5,224.14,332.52,6455,3.4969
3465,0.003,0.143,0.045,0.5,224.21,326.03,6207.1,3.5041
3473,0.003,0.143,0.05,0.5,224.27,318.58,5928.8,3.5119
3481,0.003,0.143,0.055,0.5,224.33,310.05,5617.8,3.5202
3489,0.003,0.143,0.06,0.5,224.38,300.53,5280.3,3.529
3497,0.003,0.143,0.065,0.5,224.42,289.96,4917.6,3.5381
3505,0.003,0.143,0.07,0.5,224.46,278.43,4536.4,3.556
3513,0.003,0.143,0.075,0.5,224.49,265.88,4138.8,3.583
3521,0.003,0.143,0.08,0.5,224.51,252.26,3727.7,3.6086
3522,0.003,0.143,0.08,0.6,220.29,258.41,3899.5,3.0071
3529,0.003,0.145,0.04,0.5,224.15,343.6,6890.1,3.5015
3537,0.003,0.145,0.045,0.5,224.22,337.15,6635.6,3.5086
3545,0.003,0.145,0.05,0.5,224.28,329.6,6343.8,3.5162
3553,0.003,0.145,0.055,0.5,224.34,321.11,6023.4,3.5244
3561,0.003,0.145,0.06,0.5,224.38,311.62,5674.9,3.5329
3569,0.003,0.145,0.065,0.5,224.43,301.07,5299.6,3.5419
3577,0.003,0.145,0.07,0.5,224.46,289.49,4902,3.556
3585,0.003,0.145,0.075,0.5,224.5,276.88,4486.7,3.583
3593,0.003,0.145,0.08,0.5,224.52,263.27,4058.7,3.6086
3594,0.003,0.145,0.08,0.6,220.32,269.58,4242.6,3.0071
3601,0.003,0.147,0.04,0.5,224.16,354.94,7349.6,3.5061
3609,0.003,0.147,0.045,0.5,224.23,348.46,7085.6,3.513
3617,0.003,0.147,0.05,0.5,224.29,340.95,6785.6,3.5205
3625,0.003,0.147,0.055,0.5,224.35,332.42,6452.6,3.5285
3633,0.003,0.147,0.06,0.5,224.39,322.88,6090.2,3.5369
3641,0.003,0.147,0.065,0.5,224.44,312.29,5699.7,3.5456
3649,0.003,0.147,0.07,0.5,224.47,300.72,5287.9,3.556
3657,0.003,0.147,0.075,0.5,224.5,288.06,4854.5,3.583
3665,0.003,0.147,0.08,0.5,224.53,274.46,4409.4,3.6086
3666,0.003,0.147,0.08,0.6,220.34,281.01,4608.1,3.0071
3673,0.003,0.149,0.04,0.5,224.18,366.46,7831.5,3.5106
3681,0.003,0.149,0.045,0.5,224.24,359.95,7557.8,3.5174
3689,0.003,0.149,0.05,0.5,224.3,352.48,7249.5,3.5247
3697,0.003,0.149,0.055,0.5,224.36,343.91,6903.7,3.5326
3705,0.003,0.149,0.06,0.5,224.4,334.33,6527.2,3.5408
3713,0.003,0.149,0.065,0.5,224.44,323.76,6123.7,3.5494
3721,0.003,0.149,0.07,0.5,224.48,312.14,5694.8,3.5583
3729,0.003,0.149,0.075,0.5,224.51,299.49,5245.3,3.583
3737,0.003,0.149,0.08,0.5,224.54,285.83,4780.3,3.6086
3738,0.003,0.149,0.08,0.6,220.37,292.69,4997.1,3.0071
3745,0.003,0.151,0.04,0.5,224.19,378.24,8339.9,3.5151
3753,0.003,0.151,0.045,0.5,224.25,371.7,8056.1,3.5218
3761,0.003,0.151,0.05,0.5,224.31,364.19,7736.3,3.5289
3769,0.003,0.151,0.055,0.5,224.36,355.65,7380.5,3.5366
3777,0.003,0.151,0.06,0.5,224.41,346.03,6989.3,3.5447
3785,0.003,0.151,0.065,0.5,224.45,335.41,6569.8,3.5531
3793,0.003,0.151,0.07,0.5,224.49,323.81,6126.1,3.5619
3801,0.003,0.151,0.075,0.5,224.52,311.1,5657.7,3.583
3809,0.003,0.151,0.08,0.5,224.54,297.44,5174.8,3.6086
3810,0.003,0.151,0.08,0.6,220.39,304.55,5408.2,3.0071
3817,0.003,0.153,0.04,0.5,224.2,390.21,8872.6,3.5196
3825,0.003,0.153,0.045,0.5,224.27,383.64,8578.5,3.5261
3833,0.003,0.153,0.05,0.5,224.32,376.16,8250.1,3.5331
3841,0.003,0.153,0.055,0.5,224.37,367.58,7881,3.5406
3849,0.003,0.153,0.06,0.5,224.42,357.99,7477.8,3.5486
3857,0.003,0.153,0.065,0.5,224.46,347.32,7041.8,3.5569
3865,0.003,0.153,0.07,0.5,224.49,335.66,6580.3,3.5655
3873,0.003,0.153,0.075,0.5,224.52,322.96,6095,3.583
3881,0.003,0.153,0.08,0.5,224.55,309.24,5591.3,3.6086
3882,0.003,0.153,0.08,0.6,220.42,316.59,5842.2,3.0071
3889,0.003,0.155,0.04,0.5,224.21,402.37,9430.4,3.524
3897,0.003,0.155,0.045,0.5,224.28,395.84,9129.2,3.5304
3905,0.003,0.155,0.05,0.5,224.33,388.33,8788.8,3.5373
3913,0.003,0.155,0.055,0.5,224.38,379.71,8406,3.5447
3921,0.003,0.155,0.06,0.5,224.43,370.14,7990.8,3.5524
3929,0.003,0.155,0.065,0.5,224.47,359.41,7537.8,3.5606
3937,0.003,0.155,0.07,0.5,224.5,347.77,7060.9,3.569
3945,0.003,0.155,0.075,0.5,224.53,335.02,6555.7,3.583
3953,0.003,0.155,0.08,0.5,224.55,321.23,6030.7,3.6086
3954,0.003,0.155,0.08,0.6,220.44,328.9,6302.7,3.0071
3961,0.0035,0.135,0.04,0.5,218.82,284.43,4736.5,3.5005
3969,0.0035,0.135,0.045,0.5,218.88,278.1,4529.6,3.5085
3977,0.0035,0.135,0.05,0.5,218.94,270.79,4295.8,3.517
3985,0.0035,0.135,0.055,0.5,218.99,262.49,4038.1,3.5261
3993,0.0035,0.135,0.06,0.5,219.04,253.15,3757.7,3.5356
4001,0.0035,0.135,0.065,0.5,219.07,242.87,3460.2,3.5455
4009,0.0035,0.135,0.07,0.5,219.11,231.65,3149.4,3.556
4017,0.0035,0.135,0.075,0.5,219.13,219.37,2826,3.583
4025,0.0035,0.135,0.08,0.5,219.15,206.19,2498,3.6086
4026,0.0035,0.135,0.08,0.6,215.24,211.47,2618.8,3.0071
4033,0.0035,0.137,0.04,0.5,218.83,294.56,5078.1,3.5053
4041,0.0035,0.137,0.045,0.5,218.9,288.2,4862.9,3.5131
4049,0.0035,0.137,0.05,0.5,218.95,280.85,4619.6,3.5214
4057,0.0035,0.137,0.055,0.5,219,272.52,4351.2,3.5304
4065,0.0035,0.137,0.06,0.5,219.05,263.22,4060.9,3.5397
4073,0.0035,0.137,0.065,0.5,219.08,252.96,3752.3,3.5493
4081,0.0035,0.137,0.07,0.5,219.11,241.62,3425.2,3.5593
4089,0.0035,0.137,0.075,0.5,219.14,229.36,3088.1,3.583
4097,0.0035,0.137,0.08,0.5,219.16,216.12,2743.6,3.6086
4098,0.0035,0.137,0.08,0.6,215.27,221.71,2877.5,3.0071
4105,0.0035,0.139,0.04,0.5,218.84,304.85,5437.4,3.51
4113,0.0035,0.139,0.045,0.5,218.91,298.47,5213.8,3.5177
4121,0.0035,0.139,0.05,0.5,218.96,291.09,4960.8,3.5259
4129,0.0035,0.139,0.055,0.5,219.01,282.79,4683.8,3.5346
4137,0.0035,0.139,0.06,0.5,219.06,273.45,4381.2,3.5437
4145,0.0035,0.139,0.065,0.5,219.09,263.14,4059.2,3.5532
4153,0.0035,0.139,0.07,0.5,219.12,251.83,3719.5,3.563
4161,0.0035,0.139,0.075,0.5,219.15,239.58,3368.4,3.583
4169,0.0035,0.139,0.08,0.5,219.16,226.29,3006.8,3.6086
4170,0.0035,0.139,0.08,0.6,215.3,232.11,3152.9,3.0071
4177,0.0035,0.141,0.04,0.5,218.86,315.32,5815.3,3.5148
4185,0.0035,0.141,0.045,0.5,218.92,308.91,5583,3.5222
4193,0.0035,0.141,0.05,0.5,218.97,301.57,5322.5,3.5303
4201,0.0035,0.141,0.055,0.5,219.02,293.23,5034.3,3.5388
4209,0.0035,0.141,0.06,0.5,219.06,283.92,4721.5,3.5477
4217,0.0035,0.141,0.065,0.5,219.1,273.57,4385.7,3.5571
4225,0.0035,0.141,0.07,0.5,219.13,262.28,4033,3.5667
4233,0.0035,0.141,0.075,0.5,219.15,249.98,3665.7,3.583
4241,0.0035,0.141,0.08,0.5,219.17,236.63,3286.6,3.6086
4242,0.0035,0.141,0.08,0.6,215.32,242.76,3447.5,3.0071
4249,0.0035,0.143,0.04,0.5,218.87,325.97,6212.2,3.5195
4257,0.0035,0.143,0.045,0.5,218.93,319.6,5973.7,3.5268
4265,0.0035,0.143,0.05,0.5,218.98,312.22,5703.1,3.5346
4273,0.0035,0.143,0.055,0.5,219.03,303.92,5405.9,3.543
4281,0.0035,0.143,0.06,0.5,219.07,294.56,5080.3,3.5517
4289,0.0035,0.143,0.065,0.5,219.11,284.24,4732.6,3.5609
4297,0.0035,0.143,0.07,0.5,219.14,272.9,4364.6,3.5703
4305,0.0035,0.143,0.075,0.5,219.16,260.54,3980.6,3.583
4313,0.0035,0.143,0.08,0.5,219.18,247.21,3585.6,3.6086
4314,0.0035,0.143,0.08,0.6,215.35,253.58,3760.3,3.0071
4321,0.0035,0.145,0.04,0.5,218.88,336.86,6631.9,3.5241
4329,0.0035,0.145,0.045,0.5,218.94,330.46,6384.3,3.5312
4337,0.0035,0.145,0.05,0.5,218.99,323.12,6106,3.5389
4345,0.0035,0.145,0.055,0.5,219.04,314.78,5797,3.5471
4353,0.0035,0.145,0.06,0.5,219.08,305.38,5458.3,3.5557
4361,0.0035,0.145,0.065,0.5,219.11,295.01,5096.3,3.5647
4369,0.0035,0.145,0.07,0.5,219.14,283.69,4714.8,3.574
4377,0.0035,0.145,0.075,0.5,219.17,271.28,4313.9,3.5835
4385,0.0035,0.145,0.08,0.5,219.19,257.95,3902.7,3.6086
4386,0.0035,0.145,0.08,0.6,215.37,264.58,4091.9,3.0071
4393,0.0035,0.147,0.04,0.5,218.89,348,7075.2,3.5287
4401,0.0035,0.147,0.045,0.5,218.95,341.57,6818.3,3.5357
4409,0.0035,0.147,0.05,0.5,219,334.2,6529.3,3.5432
4417,0.0035,0.147,0.055,0.5,219.05,325.82,6208.4,3.5513
4425,0.0035,0.147,0.06,0.5,219.09,316.45,5858.9,3.5597
4433,0.0035,0.147,0.065,0.5,219.12,306.1,5484.5,3.5685
4441,0.0035,0.147,0.07,0.5,219.15,294.66,5084.5,3.5776
4449,0.0035,0.147,0.075,0.5,219.17,282.33,4670.7,3.587
4457,0.0035,0.147,0.08,0.5,219.19,268.95,4240.7,3.6086
4458,0.0035,0.147,0.08,0.6,215.4,275.82,4445.4,3.0071
4465,0.0035,0.149,0.04,0.5,218.91,359.32,7540.2,3.5333
4473,0.0035,0.149,0.045,0.5,218.96,352.86,7273.9,3.5401
4481,0.0035,0.149,0.05,0.5,219.01,345.53,6976.9,3.5475
4489,0.0035,0.149,0.055,0.5,219.06,337.11,6643.5,3.5554
4497,0.0035,0.149,0.06,0.5,219.1,327.7,6280.3,3.5636
4505,0.0035,0.149,0.065,0.5,219.13,317.3,5890.8,3.5723
4513,0.0035,0.149,0.07,0.5,219.16,305.94,5479.3,3.5812
4521,0.0035,0.149,0.075,0.5,219.18,293.49,5045.2,3.5905
4529,0.0035,0.149,0.08,0.5,219.2,280.04,4596.1,3.6086
4530,0.0035,0.149,0.08,0.6,215.42,287.24,4819.2,3.0071
4537,0.0035,0.151,0.04,0.5,218.92,370.83,8027.8,3.5378
4545,0.0035,0.151,0.045,0.5,218.97,364.41,7754.7,3.5445
4553,0.0035,0.151,0.05,0.5,219.02,356.97,7443.6,3.5517
4561,0.0035,0.151,0.055,0.5,219.06,348.58,7100.6,3.5594
4569,0.0035,0.151,0.06,0.5,219.1,339.2,6726.1,3.5676
4577,0.0035,0.151,0.065,0.5,219.14,328.75,6321.1,3.5761
4585,0.0035,0.151,0.07,0.5,219.16,317.34,5892.8,3.5849
4593,0.0035,0.151,0.075,0.5,219.18,304.9,5442.8,3.5939
4601,0.0035,0.151,0.08,0.5,219.2,291.46,4976.4,3.6086
4602,0.0035,0.151,0.08,0.6,215.45,298.84,5214.4,3.0071
4609,0.0035,0.153,0.04,0.5,218.93,382.52,8538.6,3.5423
4617,0.0035,0.153,0.045,0.5,218.98,376.15,8258.9,3.5488
4625,0.0035,0.153,0.05,0.5,219.03,368.74,7939.4,3.5559
4633,0.0035,0.153,0.055,0.5,219.07,360.31,7583.4,3.5635
4641,0.0035,0.153,0.06,0.5,219.11,350.88,7194.5,3.5715
4649,0.0035,0.153,0.065,0.5,219.14,340.46,6776.5,3.5798
4657,0.0035,0.153,0.07,0.5,219.17,328.99,6330.8,3.5884
4665,0.0035,0.153,0.075,0.5,219.19,316.49,5862.1,3.5974
4673,0.0035,0.153,0.08,0.5,219.21,303.06,5378.1,3.6086
4674,0.0035,0.153,0.08,0.6,215.47,310.7,5634,3.0071
4681,0.0035,0.155,0.04,0.5,218.94,394.55,9080.3,3.5468
4689,0.0035,0.155,0.045,0.5,218.99,388.07,8787.1,3.5532
4697,0.0035,0.155,0.05,0.5,219.04,380.7,8459.3,3.5601
4705,0.0035,0.155,0.055,0.5,219.08,372.23,8090.1,3.5675
4713,0.0035,0.155,0.06,0.5,219.12,362.75,7686.4,3.5753
4721,0.0035,0.155,0.065,0.5,219.15,352.35,7255.1,3.5835
4729,0.0035,0.155,0.07,0.5,219.17,340.82,6791.7,3.592
4737,0.0035,0.155,0.075,0.5,219.2,328.34,6306.5,3.6008
4745,0.0035,0.155,0.08,0.5,219.21,314.84,5801.9,3.6098
4746,0.0035,0.155,0.08,0.6,215.49,322.74,6076.8,3.0071
4753,0.004,0.135,0.04,0.5,213.93,278.72,4556.6,3.5174
4761,0.004,0.135,0.045,0.5,213.99,272.47,4356,3.5254
4769,0.004,0.135,0.05,0.5,214.04,265.24,4129.5,3.534
4777,0.004,0.135,0.055,0.5,214.08,257.12,3881.9,3.5431
4785,0.004,0.135,0.06,0.5,214.12,247.97,3612.3,3.5527
4793,0.004,0.135,0.065,0.5,214.15,237.89,3326.1,3.5626
4801,0.004,0.135,0.07,0.5,214.17,226.89,3027.1,3.5728
4809,0.004,0.135,0.075,0.5,214.19,214.84,2715.8,3.5832
4817,0.004,0.135,0.08,0.5,214.2,201.9,2400,3.6086
4818,0.004,0.135,0.08,0.6,210.62,207.36,2522.4,3.0071
4825,0.004,0.137,0.04,0.5,213.94,288.56,4882.7,3.5222
4833,0.004,0.137,0.045,0.5,214,282.36,4676.4,3.5301
4841,0.004,0.137,0.05,0.5,214.05,275.1,4440.6,3.5385
4849,0.004,0.137,0.055,0.5,214.09,266.94,4182.8,3.5474
4857,0.004,0.137,0.06,0.5,214.13,257.83,3903.7,3.5568
4865,0.004,0.137,0.065,0.5,214.16,247.77,3606.8,3.5665
4873,0.004,0.137,0.07,0.5,214.18,236.72,3294,3.5765
4881,0.004,0.137,0.075,0.5,214.2,224.69,2969.4,3.5867
4889,0.004,0.137,0.08,0.5,214.21,211.7,2637.6,3.6086
4890,0.004,0.137,0.08,0.6,210.64,217.4,2771.5,3.0071
4897,0.004,0.139,0.04,0.5,213.95,298.65,5228.1,3.527
4905,0.004,0.139,0.045,0.5,214.01,292.42,5013.7,3.5347
4913,0.004,0.139,0.05,0.5,214.06,285.2,4770.8,3.5429
4921,0.004,0.139,0.055,0.5,214.1,277,4502.3,3.5517
4929,0.004,0.139,0.06,0.5,214.13,267.91,4213.6,3.5608
4937,0.004,0.139,0.065,0.5,214.16,257.75,3901.7,3.5704
4945,0.004,0.139,0.07,0.5,214.19,246.71,3576.8,3.5802
4953,0.004,0.139,0.075,0.5,214.2,234.63,3236.9,3.5903
4961,0.004,0.139,0.08,0.5,214.22,221.66,2890.5,3.6086
4962,0.004,0.139,0.08,0.6,210.67,227.6,3036.7,3.0071
4969,0.004,0.141,0.04,0.5,213.97,308.9,5591.3,3.5318
4977,0.004,0.141,0.045,0.5,214.02,302.64,5368.6,3.5393
4985,0.004,0.141,0.05,0.5,214.07,295.46,5118.5,3.5473
4993,0.004,0.141,0.055,0.5,214.11,287.3,4841.5,3.5559
5001,0.004,0.141,0.06,0.5,214.14,278.1,4538.6,3.5649
5009,0.004,0.141,0.065,0.5,214.17,267.96,4215.5,3.5742
5017,0.004,0.141,0.07,0.5,214.19,256.88,3876.1,3.5839
5025,0.004,0.141,0.075,0.5,214.21,244.81,3522.6,3.5938
5033,0.004,0.141,0.08,0.5,214.22,231.78,3159.4,3.6086
5034,0.004,0.141,0.08,0.6,210.69,238.04,3320.5,3.0071
5041,0.004,0.143,0.04,0.5,213.98,319.4,5975.6,3.5365
5049,0.004,0.143,0.045,0.5,214.03,313.11,5744.3,3.5438
5057,0.004,0.143,0.05,0.5,214.08,305.9,5484.5,3.5517
5065,0.004,0.143,0.055,0.5,214.12,297.7,5196.4,3.5601
5073,0.004,0.143,0.06,0.5,214.15,288.53,4883.4,3.5689
5081,0.004,0.143,0.065,0.5,214.18,278.41,4549,3.5781
5089,0.004,0.143,0.07,0.5,214.2,267.28,4194.8,3.5876
5097,0.004,0.143,0.075,0.5,214.22,255.16,3825.2,3.5973
5105,0.004,0.143,0.08,0.5,214.23,242.14,3446.8,3.6086
5106,0.004,0.143,0.08,0.6,210.72,248.66,3621.8,3.0071
5113,0.004,0.145,0.04,0.5,213.99,330.07,6379.1,3.5412
5121,0.004,0.145,0.045,0.5,214.04,323.82,6141.8,3.5483
5129,0.004,0.145,0.05,0.5,214.08,316.57,5871.9,3.556
5137,0.004,0.145,0.055,0.5,214.12,308.34,5572.5,3.5643
5145,0.004,0.145,0.06,0.5,214.16,299.2,5249.2,3.5729
5153,0.004,0.145,0.065,0.5,214.18,289.03,4900.9,3.5819
5161,0.004,0.145,0.07,0.5,214.21,277.85,4531.5,3.5912
5169,0.004,0.145,0.075,0.5,214.22,265.75,4147.6,3.6008
5177,0.004,0.145,0.08,0.5,214.23,252.67,3751.6,3.6106
5178,0.004,0.145,0.08,0.6,210.74,259.44,3941.3,3.0071
5185,0.004,0.147,0.04,0.5,214,340.92,6802.7,3.5458
5193,0.004,0.147,0.045,0.5,214.05,334.64,6556.5,3.5528
5201,0.004,0.147,0.05,0.5,214.09,327.43,6279,3.5604
5209,0.004,0.147,0.055,0.5,214.13,319.22,5970.6,3.5684
5217,0.004,0.147,0.06,0.5,214.16,310.04,5634.4,3.5769
5225,0.004,0.147,0.065,0.5,214.19,299.83,5271.8,3.5857
5233,0.004,0.147,0.07,0.5,214.21,288.67,4889.2,3.5949
5241,0.004,0.147,0.075,0.5,214.23,276.51,4488.4,3.6043
5242,0.004,0.147,0.075,0.6,210.6,283.72,4709.4,3.0011
5249,0.004,0.147,0.08,0.5,214.24,263.37,4074.4,3.6139
5250,0.004,0.147,0.08,0.6,210.77,270.47,4281.8,3.0091
5257,0.004,0.149,0.04,0.5,214.01,352.02,7250,3.5504
5265,0.004,0.149,0.045,0.5,214.06,345.78,6997.4,3.5572
5273,0.004,0.149,0.05,0.5,214.1,338.53,6709.5,3.5646
5281,0.004,0.149,0.055,0.5,214.14,330.29,6389.1,3.5725
5289,0.004,0.149,0.06,0.5,214.17,321.06,6039.7,3.5808
5297,0.004,0.149,0.065,0.5,214.2,310.87,5665,3.5895
5305,0.004,0.149,0.07,0.5,214.22,299.66,5266.4,3.5985
5313,0.004,0.149,0.075,0.5,214.23,287.51,4850.8,3.6078
5314,0.004,0.149,0.075,0.6,210.63,294.91,5086.2,3.004
5321,0.004,0.149,0.08,0.5,214.24,274.31,4418.2,3.6172
5322,0.004,0.149,0.08,0.6,210.79,281.67,4642.1,3.0119
5329,0.004,0.151,0.04,0.5,214.02,363.37,7722,3.5549
5337,0.004,0.151,0.045,0.5,214.07,357.03,7457.1,3.5616
5345,0.004,0.151,0.05,0.5,214.11,349.74,7158.4,3.5689
5353,0.004,0.151,0.055,0.5,214.14,341.53,6828.8,3.5766
5361,0.004,0.151,0.06,0.5,214.18,332.26,6465.9,3.5848
5369,0.004,0.151,0.065,0.5,214.2,322.09,6078.9,3.5933
5377,0.004,0.151,0.07,0.5,214.22,310.82,5664,3.6021
5385,0.004,0.151,0.075,0.5,214.24,298.62,5230.8,3.6112
5386,0.004,0.151,0.075,0.6,210.65,306.35,5486.2,3.0069
5393,0.004,0.151,0.08,0.5,214.25,285.43,4781.6,3.6205
5394,0.004,0.151,0.08,0.6,210.81,293.05,5022.9,3.0146
5401,0.004,0.153,0.04,0.5,214.03,374.83,8213.5,3.5594
5409,0.004,0.153,0.045,0.5,214.07,368.53,7942.1,3.566
5417,0.004,0.153,0.05,0.5,214.12,361.28,7635.4,3.5731
5425,0.004,0.153,0.055,0.5,214.15,353.03,7293.3,3.5807
5433,0.004,0.153,0.06,0.5,214.18,343.71,6916.4,3.5887
5441,0.004,0.153,0.065,0.5,214.21,333.49,6514.2,3.5971
5449,0.004,0.153,0.07,0.5,214.23,322.24,6085.2,3.6058
5450,0.004,0.153,0.07,0.6,210.51,330.28,6371.4,3.0023
5457,0.004,0.153,0.075,0.5,214.24,310.05,5636.5,3.6147
5458,0.004,0.153,0.075,0.6,210.68,318.04,5910.6,3.0098
5465,0.004,0.153,0.08,0.5,214.25,296.79,5167.8,3.6239
5466,0.004,0.153,0.08,0.6,210.83,304.69,5427.4,3.0174
5473,0.004,0.155,0.04,0.5,214.04,386.55,8731.6,3.5639
5481,0.004,0.155,0.045,0.5,214.08,380.29,8453.6,3.5703
5489,0.004,0.155,0.05,0.5,214.12,372.93,8132.5,3.5773
5497,0.004,0.155,0.055,0.5,214.16,364.71,7780.8,3.5847
5505,0.004,0.155,0.06,0.5,214.19,355.42,7392.5,3.5926
5513,0.004,0.155,0.065,0.5,214.21,345.15,6974.6,3.6008
5521,0.004,0.155,0.07,0.5,214.23,333.84,6528.5,3.6093
5522,0.004,0.155,0.07,0.6,210.54,342.22,6837.2,3.0053
5529,0.004,0.155,0.075,0.5,214.25,321.59,6061.4,3.6181
5530,0.004,0.155,0.075,0.6,210.7,329.92,6357.7,3.0126
5537,0.004,0.155,0.08,0.5,214.26,308.34,5575.3,3.6272
5538,0.004,0.155,0.08,0.6,210.86,316.51,5854.2,3.0201
5545,0.0045,0.135,0.04,0.5,209.35,273,4380.7,3.5307
5553,0.0045,0.135,0.045,0.5,209.4,266.9,4188.7,3.5387
5561,0.0045,0.135,0.05,0.5,209.44,259.85,3971.5,3.5473
5569,0.0045,0.135,0.055,0.5,209.48,251.84,3732.1,3.5565
5577,0.0045,0.135,0.06,0.5,209.51,242.89,3473.3,3.566
5585,0.0045,0.135,0.065,0.5,209.54,233.03,3198.4,3.576
5593,0.0045,0.135,0.07,0.5,209.55,222.19,2909.4,3.5862
5601,0.0045,0.135,0.075,0.5,209.57,210.39,2610.1,3.5967
5609,0.0045,0.135,0.08,0.5,209.57,197.72,2306.6,3.6086
5610,0.0045,0.135,0.08,0.6,206.26,203.3,2429.4,3.0071
5617,0.0045,0.137,0.04,0.5,209.36,282.69,4695.7,3.5355
5625,0.0045,0.137,0.045,0.5,209.41,276.57,4496.1,3.5433
5633,0.0045,0.137,0.05,0.5,209.45,269.48,4270.1,3.5518
5641,0.0045,0.137,0.055,0.5,209.49,261.51,4022.8,3.5607
5649,0.0045,0.137,0.06,0.5,209.52,252.53,3752.9,3.5701
5657,0.0045,0.137,0.065,0.5,209.54,242.62,3465.9,3.5799
5665,0.0045,0.137,0.07,0.5,209.56,231.8,3165.4,3.5899
5673,0.0045,0.137,0.075,0.5,209.57,220.02,2853.4,3.6002
5681,0.0045,0.137,0.08,0.5,209.58,207.29,2534.5,3.6107
5682,0.0045,0.137,0.08,0.6,206.28,213.12,2668.9,3.0071
5689,0.0045,0.139,0.04,0.5,209.37,292.55,5027.2,3.5403
5697,0.0045,0.139,0.045,0.5,209.42,286.41,4819.7,3.548
5705,0.0045,0.139,0.05,0.5,209.46,279.36,4587,3.5562
5713,0.0045,0.139,0.055,0.5,209.5,271.35,4329.5,3.565
5721,0.0045,0.139,0.06,0.5,209.53,262.39,4050.3,3.5742
5729,0.0045,0.139,0.065,0.5,209.55,252.44,3750.8,3.5838
5737,0.0045,0.139,0.07,0.5,209.57,241.57,3436.7,3.5936
5745,0.0045,0.139,0.075,0.5,209.58,229.81,3111.9,3.6037
5746,0.0045,0.139,0.075,0.6,206.15,236.04,3270.9,3.0009
5753,0.0045,0.139,0.08,0.5,209.58,217.03,2777.1,3.614
5754,0.0045,0.139,0.08,0.6,206.31,223.11,2923.8,3.0095
5761,0.0045,0.141,0.04,0.5,209.38,302.65,5378.3,3.5451
5769,0.0045,0.141,0.045,0.5,209.43,296.48,5162.7,3.5526
5777,0.0045,0.141,0.05,0.5,209.47,289.39,4920.8,3.5607
5785,0.0045,0.141,0.055,0.5,209.5,281.35,4652.8,3.5692
5793,0.0045,0.141,0.06,0.5,209.53,272.42,4364.2,3.5783
5801,0.0045,0.141,0.065,0.5,209.55,262.49,4053.9,3.5876
5809,0.0045,0.141,0.07,0.5,209.57,251.58,3725.8,3.5973
5817,0.0045,0.141,0.075,0.5,209.58,239.76,3386,3.6073
5818,0.0045,0.141,0.075,0.6,206.17,246.25,3558.4,3.0039
5825,0.0045,0.141,0.08,0.5,209.59,226.99,3036.8,3.6174
5826,0.0045,0.141,0.08,0.6,206.33,233.33,3196.7,3.0123
5833,0.0045,0.143,0.04,0.5,209.39,312.92,5747.2,3.5498
5841,0.0045,0.143,0.045,0.5,209.44,306.71,5523.4,3.5571
5849,0.0045,0.143,0.05,0.5,209.48,299.67,5274.4,3.565
5857,0.0045,0.143,0.055,0.5,209.51,291.58,4995.7,3.5735
5865,0.0045,0.143,0.06,0.5,209.54,282.62,4695.3,3.5823
5873,0.0045,0.143,0.065,0.5,209.56,272.65,4371.9,3.5915
5881,0.0045,0.143,0.07,0.5,209.58,261.75,4031.6,3.601
5889,0.0045,0.143,0.075,0.5,209.59,249.88,3676.4,3.6108
5890,0.0045,0.143,0.075,0.6,206.2,256.68,3865.1,3.0068
5897,0.0045,0.143,0.08,0.5,209.6,237.12,3312.5,3.6207
5898,0.0045,0.143,0.08,0.6,206.35,243.72,3486.3,3.0151
5905,0.0045,0.145,0.04,0.5,209.4,323.36,6134.7,3.5545
5913,0.0045,0.145,0.045,0.5,209.45,317.19,5905,3.5616
5921,0.0045,0.145,0.05,0.5,209.48,310.11,5646.3,3.5694
5929,0.0045,0.145,0.055,0.5,209.52,302.06,5359.1,3.5776
5937,0.0045,0.145,0.06,0.5,209.54,293.05,5046.4,3.5863
5945,0.0045,0.145,0.065,0.5,209.57,283.03,4709.6,3.5954
5953,0.0045,0.145,0.07,0.5,209.58,272.16,4356.9,3.6047
5954,0.0045,0.145,0.07,0.6,206.06,279.3,4572.4,3.0018
5961,0.0045,0.145,0.075,0.5,209.59,260.23,3985.8,3.6143
5962,0.0045,0.145,0.075,0.6,206.22,267.3,4189.6,3.0097
5969,0.0045,0.145,0.08,0.5,209.6,247.42,3605,3.6241
5970,0.0045,0.145,0.08,0.6,206.38,254.35,3795.5,3.0179
5977,0.0045,0.147,0.04,0.5,209.41,334.04,6544.2,3.5591
5985,0.0045,0.147,0.045,0.5,209.45,327.84,6305.8,3.5661
5993,0.0045,0.147,0.05,0.5,209.49,320.73,6037.2,3.5737
6001,0.0045,0.147,0.055,0.5,209.52,312.64,5738.9,3.5818
6009,0.0045,0.147,0.06,0.5,209.55,303.66,5416.2,3.5903
6017,0.0045,0.147,0.065,0.5,209.57,293.66,5067.9,3.5992
6025,0.0045,0.147,0.07,0.5,209.59,282.74,4700.2,3.6084
6026,0.0045,0.147,0.07,0.6,206.08,290.14,4932,3.0048
6033,0.0045,0.147,0.075,0.5,209.6,270.82,4315,3.6178
6034,0.0045,0.147,0.075,0.6,206.24,278.15,4534.9,3.0126
6041,0.0045,0.147,0.08,0.5,209.6,257.95,3916.9,3.6274
6042,0.0045,0.147,0.08,0.6,206.4,265.15,4123,3.0206
6049,0.0045,0.149,0.04,0.5,209.42,344.89,6973.8,3.5637
6057,0.0045,0.149,0.045,0.5,209.46,338.67,6726.5,3.5706
6065,0.0045,0.149,0.05,0.5,209.5,331.59,6450.6,3.578
6073,0.0045,0.149,0.055,0.5,209.53,323.47,6140.7,3.5859
6081,0.0045,0.149,0.06,0.5,209.55,314.44,5805.3,3.5943
6089,0.0045,0.149,0.065,0.5,209.58,304.47,5445.4,3.603
6090,0.0045,0.149,0.065,0.6,205.94,312.15,5704.1,3.0003
6097,0.0045,0.149,0.07,0.5,209.59,293.49,5062.4,3.612
6098,0.0045,0.149,0.07,0.6,206.11,301.14,5311.2,3.0078
6105,0.0045,0.149,0.075,0.5,209.6,281.52,4660.7,3.6213
6106,0.0045,0.149,0.075,0.6,206.27,289.17,4899.7,3.0155
6113,0.0045,0.149,0.08,0.5,209.61,268.65,4246.9,3.6308
6114,0.0045,0.149,0.08,0.6,206.42,276.12,4469.6,3.0234
6121,0.0045,0.151,0.04,0.5,209.43,355.93,7424.2,3.5683
6129,0.0045,0.151,0.045,0.5,209.47,349.75,7170.7,3.575
6137,0.0045,0.151,0.05,0.5,209.5,342.64,6884.5,3.5823
6145,0.0045,0.151,0.055,0.5,209.53,334.54,6565.5,3.59
6153,0.0045,0.151,0.06,0.5,209.56,325.47,6217.1,3.5982
6161,0.0045,0.151,0.065,0.5,209.58,315.45,5842.8,3.6068
6162,0.0045,0.151,0.065,0.6,205.97,323.46,6122.2,3.0035
6169,0.0045,0.151,0.07,0.5,209.6,304.41,5444.1,3.6156
6170,0.0045,0.151,0.07,0.6,206.13,312.4,5713.3,3.0108
6177,0.0045,0.151,0.075,0.5,209.61,292.46,5027.7,3.6248
6178,0.0045,0.151,0.075,0.6,206.29,300.38,5284.6,3.0184
6185,0.0045,0.151,0.08,0.5,209.61,279.53,4595.8,3.6341
6186,0.0045,0.151,0.08,0.6,206.44,287.34,4838.2,3.0262
6193,0.0045,0.153,0.04,0.5,209.43,367.22,7899.3,3.5728
6201,0.0045,0.153,0.045,0.5,209.47,361,7636.6,3.5794
6209,0.0045,0.153,0.05,0.5,209.51,353.86,7339.7,3.5865
6217,0.0045,0.153,0.055,0.5,209.54,345.79,7011.6,3.5941
6225,0.0045,0.153,0.06,0.5,209.56,336.67,6649.8,3.6022
6233,0.0045,0.153,0.065,0.5,209.58,326.67,6263.5,3.6105
6234,0.0045,0.153,0.065,0.6,205.99,334.87,6559.2,3.0066
6241,0.0045,0.153,0.07,0.5,209.6,315.65,5851.1,3.6193
6242,0.0045,0.153,0.07,0.6,206.16,323.84,6136.7,3.0138
6249,0.0045,0.153,0.075,0.5,209.61,303.64,5417.3,3.6282
6250,0.0045,0.153,0.075,0.6,206.31,311.76,5690.4,3.0213
6257,0.0045,0.153,0.08,0.5,209.62,290.65,4966.6,3.6374
6258,0.0045,0.153,0.08,0.6,206.46,298.74,5227.4,3.0289
6265,0.0045,0.155,0.04,0.5,209.44,378.69,8397,3.5773
6273,0.0045,0.155,0.045,0.5,209.48,372.51,8127.9,3.5837
6281,0.0045,0.155,0.05,0.5,209.52,365.33,7820.1,3.5907
6289,0.0045,0.155,0.055,0.5,209.55,357.22,7479.8,3.5982
6297,0.0045,0.155,0.06,0.5,209.57,348.13,7107.1,3.6061
6298,0.0045,0.155,0.06,0.6,205.85,356.63,7433.4,3.0029
6305,0.0045,0.155,0.065,0.5,209.59,338.08,6705.7,3.6143
6306,0.0045,0.155,0.065,0.6,206.02,346.61,7024.2,3.0097
6313,0.0045,0.155,0.07,0.5,209.6,327.01,6276.9,3.6229
6314,0.0045,0.155,0.07,0.6,206.18,335.53,6585,3.0168
6321,0.0045,0.155,0.075,0.5,209.61,315,5827.7,3.6317
6322,0.0045,0.155,0.075,0.6,206.34,323.4,6120.5,3.0242
6329,0.0045,0.155,0.08,0.5,209.62,302.01,5360.3,3.6407
6330,0.0045,0.155,0.08,0.6,206.49,310.31,5638.1,3.0317
6337,0.005,0.135,0.04,0.5,205.02,267.44,4213.6,3.5412
6345,0.005,0.135,0.045,0.5,205.07,261.44,4028,3.5493
6353,0.005,0.135,0.05,0.5,205.11,254.49,3818.1,3.558
6361,0.005,0.135,0.055,0.5,205.14,246.67,3588.7,3.5671
6369,0.005,0.135,0.06,0.5,205.16,237.87,3338.7,3.5768
6377,0.005,0.135,0.065,0.5,205.18,228.16,3073.3,3.5867
6385,0.005,0.135,0.07,0.5,205.19,217.56,2795.9,3.597
6393,0.005,0.135,0.075,0.5,205.2,206.02,2508.6,3.6074
6394,0.005,0.135,0.075,0.6,201.97,211.86,2642.6,3.0042
6401,0.005,0.135,0.08,0.5,205.2,193.62,2217.1,3.6181
6402,0.005,0.135,0.08,0.6,202.12,199.29,2339.5,3.0131
6409,0.005,0.137,0.04,0.5,205.03,276.91,4515.7,3.5461
6417,0.005,0.137,0.045,0.5,205.08,270.88,4322.7,3.554
6425,0.005,0.137,0.05,0.5,205.11,263.97,4106.4,3.5625
6433,0.005,0.137,0.055,0.5,205.15,256.12,3867.4,3.5714
6441,0.005,0.137,0.06,0.5,205.17,247.34,3608.6,3.5808
6449,0.005,0.137,0.065,0.5,205.19,237.66,3333.2,3.5906
6457,0.005,0.137,0.07,0.5,205.2,227.01,3042.9,3.6007
6465,0.005,0.137,0.075,0.5,205.21,215.42,2741.8,3.611
6466,0.005,0.137,0.075,0.6,201.99,221.51,2887.8,3.0072
6473,0.005,0.137,0.08,0.5,205.21,202.97,2435.5,3.6215
6474,0.005,0.137,0.08,0.6,202.15,208.89,2569.5,3.0159
6481,0.005,0.139,0.04,0.5,205.04,286.61,4835.8,3.5509
6489,0.005,0.139,0.045,0.5,205.09,280.55,4635.2,3.5587
6497,0.005,0.139,0.05,0.5,205.12,273.61,4410.2,3.5669
6505,0.005,0.139,0.055,0.5,205.15,265.79,4163.5,3.5757
6513,0.005,0.139,0.06,0.5,205.18,256.98,3893.7,3.5849
6521,0.005,0.139,0.065,0.5,205.19,247.25,3606.3,3.5945
6529,0.005,0.139,0.07,0.5,205.21,236.62,3304.8,3.6044
6530,0.005,0.139,0.07,0.6,201.85,243.08,3474.4,3.0017
6537,0.005,0.139,0.075,0.5,205.21,225.05,2991.1,3.6145
6538,0.005,0.139,0.075,0.6,202.02,231.39,3149.9,3.0101
6545,0.005,0.139,0.08,0.5,205.21,212.54,2669.6,3.6248
6546,0.005,0.139,0.08,0.6,202.17,218.72,2816,3.0187
6553,0.005,0.141,0.04,0.5,205.05,296.47,5172.4,3.5557
6561,0.005,0.141,0.045,0.5,205.09,290.39,4964,3.5632
6569,0.005,0.141,0.05,0.5,205.13,283.48,4732.4,3.5713
6577,0.005,0.141,0.055,0.5,205.16,275.63,4475.7,3.58
6585,0.005,0.141,0.06,0.5,205.18,266.77,4194.7,3.589
6593,0.005,0.141,0.065,0.5,205.2,257.07,3897,3.5984
6601,0.005,0.141,0.07,0.5,205.21,246.39,3582,3.6081
6602,0.005,0.141,0.07,0.6,201.88,253.1,3765.4,3.0048
6609,0.005,0.141,0.075,0.5,205.22,234.77,3253.9,3.6181
6610,0.005,0.141,0.075,0.6,202.04,241.43,3428,3.0131
6617,0.005,0.141,0.08,0.5,205.22,222.27,2918.5,3.6282
6618,0.005,0.141,0.08,0.6,202.19,228.72,3078,3.0215
6625,0.005,0.143,0.04,0.5,205.06,306.5,5526.3,3.5604
6633,0.005,0.143,0.045,0.5,205.1,300.46,5312.2,3.5678
6641,0.005,0.143,0.05,0.5,205.14,293.52,5071.6,3.5757
6649,0.005,0.143,0.055,0.5,205.16,285.63,4804.5,3.5842
6657,0.005,0.143,0.06,0.5,205.19,276.8,4514.2,3.5931
6665,0.005,0.143,0.065,0.5,205.2,267.05,4203.9,3.6023
6673,0.005,0.143,0.07,0.5,205.21,256.33,3875.2,3.6118
6674,0.005,0.143,0.07,0.6,201.9,263.35,4075.1,3.0079
6681,0.005,0.143,0.075,0.5,205.22,244.72,3534.1,3.6216
6682,0.005,0.143,0.075,0.6,202.06,251.64,3722.6,3.016
6689,0.005,0.143,0.08,0.5,205.22,232.16,3182.9,3.6316
6690,0.005,0.143,0.08,0.6,202.21,238.94,3358.1,3.0243
6697,0.005,0.145,0.04,0.5,205.07,316.77,5900.4,3.5651
6705,0.005,0.145,0.045,0.5,205.11,310.7,5678.3,3.5724
6713,0.005,0.145,0.05,0.5,205.14,303.73,5428.3,3.5801
6721,0.005,0.145,0.055,0.5,205.17,295.87,5153.1,3.5884
6729,0.005,0.145,0.06,0.5,205.19,287,4851,3.5971
6737,0.005,0.145,0.065,0.5,205.21,277.2,4527.8,3.6061
6738,0.005,0.145,0.065,0.6,201.76,284.53,4752.9,3.0032
6745,0.005,0.145,0.07,0.5,205.22,266.5,4187.1,3.6155
6746,0.005,0.145,0.07,0.6,201.93,273.78,4402.4,3.0109
6753,0.005,0.145,0.075,0.5,205.23,254.9,3832.8,3.6251
6754,0.005,0.145,0.075,0.6,202.09,262.02,4034.3,3.0189
6761,0.005,0.145,0.08,0.5,205.23,242.29,3465.1,3.635
6762,0.005,0.145,0.08,0.6,202.24,249.34,3655.1,3.0271
6769,0.005,0.147,0.04,0.5,205.08,327.21,6293.2,3.5698
6777,0.005,0.147,0.045,0.5,205.12,321.11,6062.7,3.5768
6785,0.005,0.147,0.05,0.5,205.15,314.17,5805.7,3.5844
6793,0.005,0.147,0.055,0.5,205.17,306.27,5519.7,3.5925
6801,0.005,0.147,0.06,0.5,205.2,297.43,5207.9,3.6011
6809,0.005,0.147,0.065,0.5,205.21,287.59,4871.5,3.61
6810,0.005,0.147,0.065,0.6,201.79,295.17,5113,3.0063
6817,0.005,0.147,0.07,0.5,205.22,276.9,4518.5,3.6192
6818,0.005,0.147,0.07,0.6,201.95,284.37,4747.9,3.014
6825,0.005,0.147,0.075,0.5,205.23,265.18,4146.5,3.6286
6826,0.005,0.147,0.075,0.6,202.11,272.63,4366.1,3.0218
6833,0.005,0.147,0.08,0.5,205.23,252.58,3764.1,3.6383
6834,0.005,0.147,0.08,0.6,202.26,259.9,3969.8,3.0299
6841,0.005,0.149,0.04,0.5,205.08,337.82,6705.3,3.5744
6849,0.005,0.149,0.045,0.5,205.12,331.76,6468.9,3.5813
6857,0.005,0.149,0.05,0.5,205.15,324.79,6202.2,3.5888
6865,0.005,0.149,0.055,0.5,205.18,316.85,5905.2,3.5967
6873,0.005,0.149,0.06,0.5,205.2,307.97,5581.2,3.6051
6874,0.005,0.149,0.06,0.6,201.65,315.8,5847.9,3.0023
6881,0.005,0.149,0.065,0.5,205.22,298.21,5235.9,3.6138
6882,0.005,0.149,0.065,0.6,201.82,306.05,5494.7,3.0095
6889,0.005,0.149,0.07,0.5,205.23,287.41,4865.9,3.6228
6890,0.005,0.149,0.07,0.6,201.98,295.21,5114.5,3.017
6897,0.005,0.149,0.075,0.5,205.23,275.7,4480.1,3.6321
6898,0.005,0.149,0.075,0.6,202.13,283.42,4716.5,3.0247
6905,0.005,0.149,0.08,0.5,205.24,263.1,4082.6,3.6416
6906,0.005,0.149,0.08,0.6,202.28,270.63,4302.7,3.0327
6913,0.005,0.151,0.04,0.5,205.09,348.67,7140.3,3.579
6921,0.005,0.151,0.045,0.5,205.13,342.58,6895.2,3.5857
6929,0.005,0.151,0.05,0.5,205.16,335.58,6618.4,3.593
6937,0.005,0.151,0.055,0.5,205.18,327.67,6312.8,3.6008
6945,0.005,0.151,0.06,0.5,205.2,318.81,5978.7,3.609
6946,0.005,0.151,0.06,0.6,201.68,326.9,6263.7,3.0056
6953,0.005,0.151,0.065,0.5,205.22,308.94,5617.1,3.6176
6954,0.005,0.151,0.065,0.6,201.84,317.04,5894,3.0127
6961,0.005,0.151,0.07,0.5,205.23,298.15,5234.3,3.6265
6962,0.005,0.151,0.07,0.6,202,306.22,5500.9,3.0201
6969,0.005,0.151,0.075,0.5,205.24,286.45,4834.4,3.6356
6970,0.005,0.151,0.075,0.6,202.16,294.45,5088.6,3.0276
6977,0.005,0.151,0.08,0.5,205.24,273.8,4419.4,3.645
6978,0.005,0.151,0.08,0.6,202.3,281.67,4659.1,3.0354
6985,0.005,0.153,0.04,0.5,205.1,359.71,7596.2,3.5835
6993,0.005,0.153,0.045,0.5,205.13,353.66,7345,3.5901
7001,0.005,0.153,0.05,0.5,205.16,346.62,7058,3.5973
7009,0.005,0.153,0.055,0.5,205.19,338.67,6740.8,3.6049
7010,0.005,0.153,0.055,0.6,201.53,347.03,7053.4,3.0021
7017,0.005,0.153,0.06,0.5,205.21,329.77,6393.9,3.613
7018,0.005,0.153,0.06,0.6,201.7,338.18,6700.6,3.0088
7025,0.005,0.153,0.065,0.5,205.22,319.92,6020.6,3.6214
7026,0.005,0.153,0.065,0.6,201.87,328.28,6316.5,3.0158
7033,0.005,0.153,0.07,0.5,205.23,309.14,5624.8,3.6301
7034,0.005,0.153,0.07,0.6,202.03,317.48,5910.4,3.0231
7041,0.005,0.153,0.075,0.5,205.24,297.38,5208.1,3.6391
7042,0.005,0.153,0.075,0.6,202.18,305.66,5481,3.0305
7049,0.005,0.153,0.08,0.5,205.24,284.67,4775.1,3.6483
7050,0.005,0.153,0.08,0.6,202.32,292.83,5033.1,3.0382
7057,0.005,0.155,0.04,0.5,205.1,370.99,8076.8,3.588
7065,0.005,0.155,0.045,0.5,205.14,364.91,7816.5,3.5945
7073,0.005,0.155,0.05,0.5,205.17,357.9,7521.9,3.6015
7081,0.005,0.155,0.055,0.5,205.19,349.92,7192.8,3.609
7082,0.005,0.155,0.055,0.6,201.56,358.46,7522.5,3.0055
7089,0.005,0.155,0.06,0.5,205.21,340.97,6832.6,3.6169
7090,0.005,0.155,0.06,0.6,201.73,349.65,7159.5,3.0121
7097,0.005,0.155,0.065,0.5,205.23,331.14,6447.5,3.6251
7098,0.005,0.155,0.065,0.6,201.89,339.77,6763.5,3.0189
7105,0.005,0.155,0.07,0.5,205.24,320.24,6033.2,3.6337
7106,0.005,0.155,0.07,0.6,202.05,328.92,6341.3,3.0261
7113,0.005,0.155,0.075,0.5,205.24,308.49,5601.9,3.6426
7114,0.005,0.155,0.075,0.6,202.2,317.04,5894.4,3.0334
7121,0.005,0.155,0.08,0.5,205.25,295.71,5150.6,3.6516
7122,0.005,0.155,0.08,0.6,202.34,304.22,5430.2,3.0409
7129,0.0055,0.135,0.04,0.5,200.92,261.94,4051.7,3.55
7137,0.0055,0.135,0.045,0.5,200.95,256.1,3874.4,3.558
7145,0.0055,0.135,0.05,0.5,200.99,249.26,3671.7,3.5667
7153,0.0055,0.135,0.055,0.5,201.01,241.57,3450.2,3.5759
7161,0.0055,0.135,0.06,0.5,201.03,232.98,3210.6,3.5855
7169,0.0055,0.135,0.065,0.5,201.05,223.5,2956.1,3.5955
7177,0.0055,0.135,0.07,0.5,201.06,213.07,2688.3,3.6058
7178,0.0055,0.135,0.07,0.6,197.87,219.12,2831.8,3.003
7185,0.0055,0.135,0.075,0.5,201.06,201.79,2412.6,3.6163
7186,0.0055,0.135,0.075,0.6,198.03,207.71,2545.8,3.0118
7193,0.0055,0.135,0.08,0.5,201.06,189.6,2131.3,3.6269
7194,0.0055,0.135,0.08,0.6,198.18,195.34,2252.8,3.0206
7201,0.0055,0.137,0.04,0.5,200.92,271.25,4343.2,3.5548
7209,0.0055,0.137,0.045,0.5,200.96,265.38,4158.8,3.5627
7217,0.0055,0.137,0.05,0.5,200.99,258.58,3949.8,3.5712
7225,0.0055,0.137,0.055,0.5,201.02,250.86,3719,3.5802
7233,0.0055,0.137,0.06,0.5,201.04,242.23,3469.2,3.5896
7241,0.0055,0.137,0.065,0.5,201.05,232.77,3205.1,3.5994
7249,0.0055,0.137,0.07,0.5,201.06,222.3,2925,3.6095
7250,0.0055,0.137,0.07,0.6,197.9,228.59,3080.7,3.0061
7257,0.0055,0.137,0.075,0.5,201.06,210.97,2636,3.6198
7258,0.0055,0.137,0.075,0.6,198.06,217.13,2781.1,3.0147
7265,0.0055,0.137,0.08,0.5,201.06,198.79,2341.9,3.6303
7266,0.0055,0.137,0.08,0.6,198.2,204.78,2475,3.0235
7273,0.0055,0.139,0.04,0.5,200.93,280.71,4649.9,3.5597
7281,0.0055,0.139,0.045,0.5,200.97,274.82,4458.3,3.5674
7289,0.0055,0.139,0.05,0.5,201,267.99,4241,3.5757
7297,0.0055,0.139,0.055,0.5,201.02,260.3,4002.7,3.5845
7305,0.0055,0.139,0.06,0.5,201.04,251.69,3744.2,3.5937
7313,0.0055,0.139,0.065,0.5,201.06,242.19,3468.6,3.6033
7314,0.0055,0.139,0.065,0.6,197.76,248.81,3646.7,3.001
7321,0.0055,0.139,0.07,0.5,201.07,231.74,3177.6,3.6132
7322,0.0055,0.139,0.07,0.6,197.92,238.28,3346.3,3.0092
7329,0.0055,0.139,0.075,0.5,201.07,220.36,2874.9,3.6234
7330,0.0055,0.139,0.075,0.6,198.08,226.78,3032.6,3.0177
7337,0.0055,0.139,0.08,0.5,201.07,208.13,2566.2,3.6337
7338,0.0055,0.139,0.08,0.6,198.23,214.39,2711.6,3.0263
7345,0.0055,0.141,0.04,0.5,200.94,290.41,4974.8,3.5644
7353,0.0055,0.141,0.045,0.5,200.98,284.49,4775.6,3.572
7361,0.0055,0.141,0.05,0.5,201.01,277.69,4551.9,3.5801
7369,0.0055,0.141,0.055,0.5,201.03,269.97,4303.9,3.5887
7377,0.0055,0.141,0.06,0.5,201.05,261.32,4034.6,3.5978
7385,0.0055,0.141,0.065,0.5,201.06,251.78,3747.2,3.6072
7386,0.0055,0.141,0.065,0.6,197.79,258.64,3939.1,3.0042
7393,0.0055,0.141,0.07,0.5,201.07,241.28,3443.2,3.617
7394,0.0055,0.141,0.07,0.6,197.95,248.14,3627.5,3.0123
7401,0.0055,0.141,0.075,0.5,201.07,229.91,3128.3,3.6269
7402,0.0055,0.141,0.075,0.6,198.1,236.66,3301.3,3.0206
7409,0.0055,0.141,0.08,0.5,201.07,217.69,2806.3,3.6371
7410,0.0055,0.141,0.08,0.6,198.25,224.22,2964.8,3.0291
7417,0.0055,0.143,0.04,0.5,200.95,300.27,5316.2,3.5692
7425,0.0055,0.143,0.045,0.5,200.98,294.32,5109.4,3.5766
7433,0.0055,0.143,0.05,0.5,201.01,287.49,4876.9,3.5845
7441,0.0055,0.143,0.055,0.5,201.04,279.8,4621.2,3.593
7449,0.0055,0.143,0.06,0.5,201.05,271.11,4340.9,3.6019
7457,0.0055,0.143,0.065,0.5,201.07,261.59,4043.3,3.6111
7458,0.0055,0.143,0.065,0.6,197.81,268.7,4249.9,3.0075
7465,0.0055,0.143,0.07,0.5,201.07,251.04,3726,3.6207
7466,0.0055,0.143,0.07,0.6,197.97,258.16,3924.8,3.0154
7473,0.0055,0.143,0.075,0.5,201.08,239.69,3398.6,3.6305
7474,0.0055,0.143,0.075,0.6,198.13,246.64,3584,3.0235
7481,0.0055,0.143,0.08,0.5,201.07,227.41,3061.4,3.6405
7482,0.0055,0.143,0.08,0.6,198.27,234.21,3233.6,3.0319
7489,0.0055,0.145,0.04,0.5,200.95,310.29,5674.9,3.5739
7497,0.0055,0.145,0.045,0.5,200.99,304.39,5462.6,3.5811
7505,0.0055,0.145,0.05,0.5,201.02,297.52,5221.1,3.5889
7513,0.0055,0.145,0.055,0.5,201.04,289.79,4955.3,3.5972
7521,0.0055,0.145,0.06,0.5,201.06,281.13,4665.8,3.6059
7522,0.0055,0.145,0.06,0.6,197.67,288.51,4895.6,3.0031
7529,0.0055,0.145,0.065,0.5,201.07,271.56,4355.8,3.615
7530,0.0055,0.145,0.065,0.6,197.84,278.93,4577.8,3.0107
7537,0.0055,0.145,0.07,0.5,201.08,261.04,4026.9,3.6243
7538,0.0055,0.145,0.07,0.6,198,268.35,4239,3.0185
7545,0.0055,0.145,0.075,0.5,201.08,249.63,3684.9,3.634
7546,0.0055,0.145,0.075,0.6,198.15,256.84,3885.2,3.0265
7553,0.0055,0.145,0.08,0.5,201.08,237.3,3331.9,3.6438
7554,0.0055,0.145,0.08,0.6,198.29,244.36,3518.7,3.0347
7561,0.0055,0.147,0.04,0.5,200.96,320.49,6051.5,3.5786
7569,0.0055,0.147,0.045,0.5,200.99,314.55,5831.2,3.5856
7577,0.0055,0.147,0.05,0.5,201.02,307.72,5582.9,3.5932
7585,0.0055,0.147,0.055,0.5,201.04,299.95,5306.8,3.6014
7593,0.0055,0.147,0.06,0.5,201.06,291.32,5008,3.6099
7594,0.0055,0.147,0.06,0.6,197.7,298.95,5254.2,3.0065
7601,0.0055,0.147,0.065,0.5,201.07,281.71,4685.3,3.6188
7602,0.0055,0.147,0.065,0.6,197.86,289.4,4925.9,3.0139
7609,0.0055,0.147,0.07,0.5,201.08,271.19,4344.6,3.628
7610,0.0055,0.147,0.07,0.6,198.02,278.77,4572.8,3.0215
7617,0.0055,0.147,0.075,0.5,201.08,259.73,3987.5,3.6375
7618,0.0055,0.147,0.075,0.6,198.17,267.22,4203.7,3.0294
7625,0.0055,0.147,0.08,0.5,201.08,247.34,3618.5,3.6472
7626,0.0055,0.147,0.08,0.6,198.31,254.75,3822.7,3.0375
7633,0.0055,0.149,0.04,0.5,200.97,330.92,6449.1,3.5832
7641,0.0055,0.149,0.045,0.5,201,325.02,6223.3,3.5901
7649,0.0055,0.149,0.05,0.5,201.03,318.16,5965.5,3.5975
7657,0.0055,0.149,0.055,0.5,201.05,310.35,5678.7,3.6055
7658,0.0055,0.149,0.055,0.6,197.55,318.27,5950.4,3.0028
7665,0.0055,0.149,0.06,0.5,201.07,301.68,5368.1,3.6139
7666,0.0055,0.149,0.06,0.6,197.73,309.63,5634,3.0098
7673,0.0055,0.149,0.065,0.5,201.08,292.08,5034.7,3.6226
7674,0.0055,0.149,0.065,0.6,197.89,299.97,5290.1,3.0171
7681,0.0055,0.149,0.07,0.5,201.08,281.52,4679.7,3.6317
7682,0.0055,0.149,0.07,0.6,198.05,289.43,4927.2,3.0246
7689,0.0055,0.149,0.075,0.5,201.09,270.07,4309.4,3.641
7690,0.0055,0.149,0.075,0.6,198.19,277.83,4542.3,3.0323
7697,0.0055,0.149,0.08,0.5,201.09,257.62,3923.7,3.6506
7698,0.0055,0.149,0.08,0.6,198.33,265.31,4144.4,3.0402
7705,0.0055,0.151,0.04,0.5,200.97,341.59,6868.9,3.5878
7713,0.0055,0.151,0.045,0.5,201.01,335.59,6632,3.5945
7721,0.0055,0.151,0.05,0.5,201.03,328.77,6367.3,3.6018
7729,0.0055,0.151,0.055,0.5,201.05,320.99,6072,3.6096
7730,0.0055,0.151,0.055,0.6,197.58,329.16,6362,3.0062
7737,0.0055,0.151,0.06,0.5,201.07,312.27,5749.3,3.6178
7738,0.0055,0.151,0.06,0.6,197.75,320.49,6033.3,3.0131
7745,0.0055,0.151,0.065,0.5,201.08,302.63,5402.5,3.6264
7746,0.0055,0.151,0.065,0.6,197.91,310.85,5678.4,3.0202
7753,0.0055,0.151,0.07,0.5,201.09,292.01,5033,3.6354
7754,0.0055,0.151,0.07,0.6,198.07,300.2,5298.3,3.0276
7761,0.0055,0.151,0.075,0.5,201.09,280.51,4647,3.6445
7762,0.0055,0.151,0.075,0.6,198.21,288.61,4899.6,3.0352
7769,0.0055,0.151,0.08,0.5,201.09,268.13,4248.6,3.6539
7770,0.0055,0.151,0.08,0.6,198.35,276.04,4484.5,3.043
7777,0.0055,0.153,0.04,0.5,200.98,352.44,7308.9,3.5923
7785,0.0055,0.153,0.045,0.5,201.01,346.48,7066.1,3.5989
7793,0.0055,0.153,0.05,0.5,201.04,339.55,6788.8,3.6061
7794,0.0055,0.153,0.05,0.6,197.44,347.89,7101.4,3.0033
7801,0.0055,0.153,0.055,0.5,201.06,331.8,6485.1,3.6137
7802,0.0055,0.153,0.055,0.6,197.61,340.23,6794.1,3.0097
7809,0.0055,0.153,0.06,0.5,201.07,323.03,6149.9,3.6218
7810,0.0055,0.153,0.06,0.6,197.78,331.52,6453,3.0164
7817,0.0055,0.153,0.065,0.5,201.08,313.35,5789.5,3.6302
7818,0.0055,0.153,0.065,0.6,197.94,321.84,6084.2,3.0234
7825,0.0055,0.153,0.07,0.5,201.09,302.75,5407.3,3.639
7826,0.0055,0.153,0.07,0.6,198.09,311.21,5691.5,3.0306
7833,0.0055,0.153,0.075,0.5,201.09,291.25,5007.4,3.648
7834,0.0055,0.153,0.075,0.6,198.24,299.64,5278.8,3.0381
7841,0.0055,0.153,0.08,0.5,201.09,278.81,4591.7,3.6572
7842,0.0055,0.153,0.08,0.6,198.37,287.01,4845.9,3.0458
7849,0.0055,0.155,0.04,0.5,200.99,363.46,7770,3.5968
7857,0.0055,0.155,0.045,0.5,201.02,357.47,7518.4,3.6033
7858,0.0055,0.155,0.045,0.6,197.29,365.95,7852.2,3.001
7865,0.0055,0.155,0.05,0.5,201.04,350.57,7233.7,3.6103
7866,0.0055,0.155,0.05,0.6,197.47,359.18,7566.2,3.0068
7873,0.0055,0.155,0.055,0.5,201.06,342.78,6918.6,3.6178
7874,0.0055,0.155,0.055,0.6,197.64,351.48,7247.7,3.013
7881,0.0055,0.155,0.06,0.5,201.08,333.98,6570.7,3.6257
7882,0.0055,0.155,0.06,0.6,197.81,342.79,6896.5,3.0196
7889,0.0055,0.155,0.065,0.5,201.09,324.31,6198.8,3.634
7890,0.0055,0.155,0.065,0.6,197.96,333.07,6513.5,3.0265
7897,0.0055,0.155,0.07,0.5,201.09,313.72,5803.8,3.6426
7898,0.0055,0.155,0.07,0.6,198.11,322.46,6107.9,3.0336
7905,0.0055,0.155,0.075,0.5,201.1,302.1,5385,3.6515
7906,0.0055,0.155,0.075,0.6,198.26,310.77,5675.9,3.041
