0,80,NaN,0.0068052,0.62592,0.0075071,NaN,NaN,NaN,NaN,NaN,NaN,NaN,NaN
0.01,80,NaN,0.0068564,0.62519,0.0074984,NaN,NaN,NaN,NaN,NaN,NaN,NaN,NaN
0.02,78.306,NaN,0.0069467,0.62393,0.011735,NaN,NaN,NaN,NaN,NaN,NaN,NaN,NaN
0.03,74.088,NaN,0.0071259,0.62149,0.027996,NaN,NaN,NaN,NaN,NaN,NaN,NaN,NaN
0.04,67.726,NaN,0.0074599,0.61715,0.070305,NaN,NaN,NaN,NaN,NaN,NaN,NaN,NaN
0.05,59.904,NaN,0.0080372,0.61023,0.15361,NaN,NaN,NaN,NaN,NaN,NaN,NaN,NaN
0.06,51.241,NaN,0.0088563,0.60146,0.28171,NaN,NaN,NaN,NaN,NaN,NaN,NaN,NaN
0.07,42.873,NaN,0.01008,0.59017,0.42591,NaN,NaN,NaN,NaN,NaN,NaN,NaN,NaN
0.08,35.468,NaN,0.011738,0.57746,0.55044,NaN,NaN,NaN,NaN,NaN,NaN,NaN,NaN
0.09,29.281,NaN,0.013828,0.56442,0.63534,NaN,NaN,NaN,NaN,NaN,NaN,NaN,NaN
0.1,24.272,NaN,0.016337,0.55181,0.6801,NaN,NaN,NaN,NaN,NaN,NaN,NaN,NaN
0.11,20.444,NaN,0.01928,0.53989,0.69306,NaN,NaN,NaN,NaN,NaN,NaN,NaN,NaN
0.12,17.385,NaN,0.022601,0.52898,0.68756,NaN,NaN,NaN,NaN,NaN,NaN,NaN,NaN
0.13,15.025,NaN,0.02612,0.51948,0.6695,NaN,NaN,NaN,NaN,NaN,NaN,NaN,NaN
0.14,13.235,NaN,0.029655,0.51146,0.64566,NaN,NaN,NaN,NaN,NaN,NaN,NaN,NaN
0.15,11.834,NaN,0.033196,0.50458,0.62252,NaN,NaN,NaN,NaN,NaN,NaN,NaN,NaN
0.16,10.607,NaN,0.036711,0.49978,0.60204,NaN,NaN,NaN,NaN,NaN,NaN,NaN,NaN
0.17,9.5978,NaN,0.040222,0.49917,0.58847,NaN,NaN,NaN,NaN,NaN,NaN,NaN,NaN
0.18,8.7548,NaN,0.043726,0.49863,0.57679,NaN,NaN,NaN,NaN,NaN,NaN,NaN,NaN
0.19,8.0401,NaN,0.047221,0.49816,0.56682,NaN,NaN,NaN,NaN,NaN,NaN,NaN,NaN
0.2,7.4266,NaN,0.050703,0.49773,0.55832,NaN,NaN,NaN,NaN,NaN,NaN,NaN,NaN
0.21,6.8288,NaN,0.054155,0.49735,0.55023,NaN,NaN,NaN,NaN,NaN,NaN,NaN,NaN
0.22,6.3031,NaN,0.057608,0.497,0.54329,NaN,NaN,NaN,NaN,NaN,NaN,NaN,NaN
0.23,5.8358,NaN,0.061077,0.49668,0.53731,NaN,NaN,NaN,NaN,NaN,NaN,NaN,NaN
0.24,5.4178,NaN,0.06456,0.49639,0.53213,NaN,NaN,NaN,NaN,NaN,NaN,NaN,NaN
0.25,5.0418,NaN,0.068058,0.49613,0.52764,NaN,NaN,NaN,NaN,NaN,NaN,NaN,NaN
0.26,4.8498,NaN,0.071618,0.49588,0.5253,NaN,NaN,NaN,NaN,NaN,NaN,NaN,NaN
0.27,4.6752,NaN,0.07519,0.49566,0.52321,NaN,NaN,NaN,NaN,NaN,NaN,NaN,NaN
0.28,4.5158,NaN,0.078774,0.49545,0.52135,NaN,NaN,NaN,NaN,NaN,NaN,NaN,NaN
0.29,4.3697,NaN,0.082369,0.49527,0.51967,NaN,NaN,NaN,NaN,NaN,NaN,NaN,NaN
0.3,4.2353,NaN,0.085976,0.49509,0.51816,NaN,NaN,NaN,NaN,NaN,NaN,NaN,NaN
0.31,4.1298,NaN,0.089602,0.49494,0.51697,NaN,NaN,NaN,NaN,NaN,NaN,NaN,NaN
0.32,4.032,NaN,0.093239,0.4948,0.51589,NaN,NaN,NaN,NaN,NaN,NaN,NaN,NaN
0.33,3.9411,NaN,0.096888,0.49467,0.5149,NaN,NaN,NaN,NaN,NaN,NaN,NaN,NaN
0.34,3.8564,NaN,0.10055,0.49455,0.51399,NaN,NaN,NaN,NaN,NaN,NaN,NaN,NaN
0.35,3.7772,NaN,0.10422,0.49445,0.51316,NaN,NaN,NaN,NaN,NaN,NaN,NaN,NaN
0.36,3.7046,201.98,0.1079,0.49435,0.51241,0.68215,1.083,4.7529e-4,0,0,0,0,0
0.375,3.6305,202.15,0.11345,0.49424,0.51163,0.66643,1.0689,1.1159e-4,0,0,0,0,8.5706e-6
0.3975,3.5264,202.4,0.12182,0.4941,0.51059,0.64449,1.049,-1.0144e-4,0,0,0,0,5.297e-5
0.43125,3.3642,202.8,0.13446,0.49398,0.5091,0.61063,1.0173,-1.8684e-4,0,0,0,0,1.8945e-4
0.48125,3.0904,203.48,0.15339,0.49399,0.5069,0.55441,0.95782,2.8283e-4,0,0,0,0,5.4505e-4
0.53125,2.6607,204.57,0.17248,0.49417,0.50393,0.46843,0.85252,1.7284e-4,0,0,0,0,0.0010652
0.58125,2.3425,205.41,0.19189,0.49453,0.5022,0.40669,0.77148,-3.0159e-4,0,0,0,0,0.0016879
0.63125,1.8924,206.64,0.21146,0.49504,0.50015,0.32194,0.64324,-1.5635e-5,0,0,0,0,0.0024037
0.68125,1.5768,207.55,0.23138,0.4957,0.4993,0.26446,0.54969,2.4502e-4,0,0,0,0,0.0030534
0.73125,1.3514,208.24,0.25164,0.49652,0.49919,0.22439,0.48068,-1.9318e-4,0,0,0,0,0.003723
0.78125,1.0828,209.06,0.27211,0.49748,0.49922,0.17762,0.3924,4.4655e-4,0,0,0,0,0.004331
0.83125,0.74099,210.14,0.29277,0.49859,0.49942,0.11965,0.27434,-2.3235e-4,0,0,0,0,0.0047624
0.88125,0.37549,211.33,0.31363,0.49984,0.50006,0.059599,0.14007,-4.1269e-4,0,0,0,0,0.0048405
0.93125,0.12273,212.2,0.33483,0.50124,0.50127,0.019255,0.043457,-4.4292e-4,0,0,0,0,0.0045458
0.98125,0.11522,212.3,0.35616,0.50279,0.50281,0.018094,0.049541,4.8959e-4,0,0,0,0,-0.0040161
1.0313,0.3725,211.55,0.37752,0.50446,0.50468,0.059346,0.15196,1.1398e-4,0,0,0,0,-0.0032114
1.0813,0.55622,211.06,0.39902,0.50628,0.50675,0.089565,0.22589,2.3279e-4,0,0,0,0,-0.0022374
1.1313,0.70069,210.7,0.42059,0.50823,0.50898,0.11381,0.28508,-4.9701e-4,0,0,0,0,-0.0013033
1.1813,0.73558,210.69,0.44232,0.51032,0.51115,0.11988,0.30114,3.137e-4,0,0,0,0,-5.4734e-4
1.2313,0.72981,210.81,0.46405,0.51254,0.51336,0.11912,0.30247,4.8326e-4,0,0,0,0,-1.1738e-4
1.2813,0.69531,211.01,0.48563,0.51487,0.51562,0.1135,0.29236,-2.5153e-4,0,0,0,0,2.8233e-6
1.3313,0.58003,211.47,0.50714,0.51731,0.51784,0.094334,0.24819,2.6843e-4,0,0,0,0,1.7253e-4
1.3813,0.37646,212.23,0.52863,0.51988,0.52011,0.060739,0.16395,-3.8419e-4,0,0,0,0,4.7651e-4
1.4313,0.11421,213.21,0.55008,0.52256,0.52258,0.018227,0.050338,-2.1904e-5,0,0,0,0,6.7438e-4
1.4813,0.12863,213.31,0.57141,0.52535,0.52538,0.02059,0.05871,-4.5841e-4,0,0,0,0,-6.0708e-4
1.5313,0.34384,212.8,0.59266,0.52825,0.52844,0.055762,0.15704,2.8065e-4,0,0,0,0,-3.3725e-4
1.5813,0.49463,212.51,0.6138,0.53125,0.53164,0.08101,0.22717,-3.7501e-4,0,0,0,0,-5.7173e-5
1.6313,0.55001,212.54,0.63482,0.53434,0.53483,0.090553,0.25686,-2.7243e-4,0,0,0,0,3.44e-5
1.6813,0.40637,213.19,0.65546,0.53749,0.53776,0.066611,0.19283,3.0587e-4,0,0,0,0,3.5698e-4
1.7313,0.14646,214.23,0.67582,0.54071,0.54075,0.023767,0.070187,2.7904e-4,0,0,0,0,6.7194e-4
1.7813,0.10133,214.6,0.69605,0.54402,0.54403,0.016453,0.050445,-3.263e-4,0,0,0,0,-6.5383e-4
1.8313,0.30158,214.19,0.71604,0.54739,0.54754,0.049593,0.15138,-4.7894e-4,0,0,0,0,-3.4288e-4
1.8813,0.37888,214.18,0.7357,0.5508,0.55104,0.062721,0.19143,-2.8217e-4,0,0,0,0,-4.4762e-5
1.9313,0.3231,214.6,0.755,0.55425,0.55443,0.053504,0.16637,7.3907e-5,0,0,0,0,2.897e-5
1.9813,0.18929,215.27,0.77381,0.55771,0.55777,0.031237,0.099559,1.9123e-5,0,0,0,0,2.0097e-4
2.0313,0.014542,216.09,0.79228,0.56119,0.56119,0.0023869,0.0084418,-3.0807e-4,0,0,0,0,-2.9615e-4
2.0813,0.20285,215.73,0.81039,0.56469,0.56476,0.033707,0.11025,3.8309e-4,0,0,0,0,-1.5379e-4
2.1313,0.27462,215.75,0.82806,0.56818,0.56832,0.045937,0.15067,-4.4472e-4,0,0,0,0,-5.1685e-6
2.1813,0.21647,216.18,0.8453,0.57168,0.57176,0.036224,0.12066,-8.5643e-5,0,0,0,0,6.5871e-5
2.2313,0.060459,216.94,0.8621,0.57515,0.57516,0.010075,0.034129,2.5174e-4,0,0,0,0,1.9702e-4
2.2813,0.097137,217.07,0.87853,0.57862,0.57864,0.016268,0.056387,3.2598e-5,0,0,0,0,-1.6039e-4
2.3313,0.20078,216.98,0.89447,0.58206,0.58213,0.033903,0.11694,-4.8305e-5,0,0,0,0,-3.0241e-5
2.3812,0.1868,217.27,0.90997,0.58461,0.58467,0.031625,0.11081,-7.02e-5,0,0,0,0,1.8027e-5
2.4312,0.044762,217.97,0.92516,0.58672,0.58672,0.0075524,0.026656,2.7318e-4,0,0,0,0,1.0311e-4
2.4812,0.090183,218.06,0.93991,0.58884,0.58886,0.015298,0.054625,-3.1e-5,0,0,0,0,-6.9585e-5
2.5312,0.16438,218.04,0.95435,0.59099,0.59104,0.028068,0.10098,3.3897e-4,0,0,0,0,-2.3021e-6
2.5812,0.13099,218.37,0.96847,0.59316,0.59319,0.022399,0.081626,-4.756e-4,0,0,0,0,4.7544e-5
2.6312,0.018108,218.95,0.98225,0.59534,0.59534,0.0030885,0.011303,-4.7529e-4,0,0,0,0,1.1847e-4
2.6812,0.10125,218.87,0.99565,0.59752,0.59754,0.017381,0.064988,-2.3712e-4,0,0,0,0,-6.8897e-5
2.7312,0.12454,218.96,1.0081,0.60724,0.60727,0.021451,0.080734,3.9903e-4,0,0,0,0,-1.0528e-6
2.7812,0.071616,219.26,1.0174,0.61716,0.61717,0.012324,0.046788,-1.3306e-4,0,0,0,0,2.1824e-5
2.8312,0.029414,219.47,1.0233,0.62222,0.62222,0.0050566,0.019317,3.5408e-4,0,0,0,0,-3.7398e-5
2.8812,0.087514,219.31,1.0258,0.62398,0.62399,0.015091,0.057413,1.9905e-4,0,0,0,0,-4.032e-6
2.9312,0.078337,219.33,1.0252,0.62356,0.62358,0.013502,0.051069,4.2864e-4,0,0,0,0,9.521e-6
2.9812,0.032751,219.44,1.0216,0.62107,0.62107,0.0056295,0.021298,-9.2646e-5,0,0,0,0,4.1772e-5
3.0312,0.047953,219.3,1.0148,0.61446,0.61446,0.0082395,0.031332,-1.7822e-4,0,0,0,0,-3.9205e-5
3.0812,0.078815,219.11,1.0078,0.60689,0.6069,0.013546,0.051976,4.7285e-4,0,0,0,0,-3.8957e-6
3.1312,0.051503,219.1,1.0009,0.59949,0.59949,0.0088293,0.033394,-4.0174e-4,0,0,0,0,3.5498e-6
3.1812,0.0021946,219.17,0.99402,0.5973,0.5973,3.7489e-4,0.0013547,-3.0108e-4,0,0,0,0,1.106e-5
3.2312,0.069057,218.85,0.98737,0.59622,0.59623,0.011819,0.045049,8.53e-5,0,0,0,0,-3.092e-6
3.2812,0.084505,218.71,0.98082,0.59517,0.59518,0.014454,0.055074,-3.6355e-4,0,0,0,0,9.7482e-6
3.3312,0.048069,218.73,0.97439,0.59416,0.59416,0.0081973,0.031107,4.6076e-4,0,0,0,0,4.6582e-5
3.3812,0.01592,218.74,0.96806,0.59317,0.59317,0.0027072,0.01051,-3.5135e-5,0,0,0,0,-6.2159e-5
3.4312,0.073126,218.46,0.96177,0.5922,0.59221,0.012452,0.04656,3.2686e-5,0,0,0,0,-2.8827e-5
3.4812,0.08454,218.32,0.95552,0.59126,0.59127,0.014385,0.054182,2.951e-4,0,0,0,0,-8.8475e-7
3.5312,0.028121,218.41,0.9494,0.59034,0.59034,0.0047659,0.017991,-2.8971e-4,0,0,0,0,5.7793e-6
3.5812,0.023953,218.33,0.94327,0.58944,0.58944,0.0040533,0.014754,-7.1014e-5,0,0,0,0,-4.8254e-6
3.6312,0.057376,218.12,0.93722,0.58856,0.58856,0.0097118,0.036008,1.6635e-4,0,0,0,0,-2.2775e-8
3.6812,0.064883,218,0.9313,0.58771,0.58771,0.010972,0.040555,-4.4653e-4,0,0,0,0,9.9788e-6
3.7312,0.024543,218.04,0.92542,0.58687,0.58687,0.0041372,0.015452,1.91e-4,0,0,0,0,3.2292e-5
3.7812,0.021584,217.96,0.91964,0.58606,0.58607,0.0036333,0.01374,3.7779e-4,0,0,0,0,-3.1986e-5
3.8312,0.064072,217.73,0.91387,0.58527,0.58528,0.010794,0.040559,-2.631e-4,0,0,0,0,-1.332e-5
3.8812,0.071235,217.61,0.90814,0.58449,0.5845,0.01199,0.0442,2.1189e-4,0,0,0,0,0
3.9312,0.034727,217.64,0.90249,0.58373,0.58374,0.0058278,0.021569,1.5588e-4,0,0,0,0,6.9827e-6
3.9812,0.02659,217.58,0.89692,0.58274,0.58274,0.0044553,0.016104,-1.3847e-5,0,0,0,0,-8.6606e-6
4.0312,0.079252,217.32,0.89147,0.58156,0.58157,0.013297,0.049213,1.2689e-4,0,0,0,0,-1.161e-7
4.0812,0.092021,217.2,0.88612,0.58041,0.58042,0.015432,0.056406,2.1267e-4,0,0,0,0,1.5111e-5
4.1312,0.044979,217.27,0.88079,0.57927,0.57927,0.0075176,0.027644,-2.245e-4,0,0,0,0,5.4734e-5
4.1812,0.035771,217.22,0.87548,0.57814,0.57814,0.0059697,0.021794,-1.1215e-4,0,0,0,0,-5.9624e-5
4.2312,0.077043,217.01,0.87028,0.57705,0.57706,0.012869,0.047124,4.8462e-4,0,0,0,0,-2.3294e-5
4.2812,0.087973,216.89,0.86509,0.57596,0.57597,0.014687,0.053451,3.364e-4,0,0,0,0,-1.3574e-6
4.3312,0.036616,216.98,0.86002,0.5749,0.57491,0.0060921,0.022725,-1.0316e-4,0,0,0,0,4.2157e-6
4.3812,0.026565,216.94,0.85499,0.57386,0.57387,0.0044134,0.015698,4.9681e-4,0,0,0,0,-4.2373e-6
4.4312,0.061102,216.75,0.84997,0.57283,0.57284,0.010158,0.036716,-3.9205e-4,0,0,0,0,0
4.4812,0.057581,216.69,0.84499,0.57182,0.57182,0.009562,0.035284,1.4818e-4,0,0,0,0,7.2789e-6
4.5312,0.027131,216.72,0.84006,0.57082,0.57082,0.0044945,0.016036,5.2073e-5,0,0,0,0,2.098e-5
4.5812,0.046084,216.59,0.83506,0.56981,0.56981,0.0076343,0.028204,-4.2157e-4,0,0,0,0,-2.0244e-5
4.6312,0.081497,216.4,0.83015,0.56882,0.56884,0.013511,0.048471,7.8042e-5,0,0,0,0,-1.8693e-6
4.6812,0.027198,216.51,0.82548,0.5679,0.5679,0.0044935,0.016431,1.9398e-4,0,0,0,0,1.6888e-6
4.7312,0.020805,216.46,0.82081,0.56697,0.56697,0.0034333,0.012412,-2.8268e-4,0,0,0,0,-1.2278e-6
4.7812,0.055281,216.29,0.81617,0.56606,0.56606,0.0091301,0.03254,-4.2919e-4,0,0,0,0,1.3607e-7
4.8312,0.04067,216.27,0.8115,0.56515,0.56515,0.0067066,0.024556,-3.568e-4,0,0,0,0,7.4768e-6
4.8812,0.0099482,216.3,0.80687,0.56425,0.56425,0.0016367,0.005877,4.4689e-4,0,0,0,0,1.3206e-5
4.9312,8.9711e-4,216.27,0.80238,0.56338,0.56338,1.4741e-4,2.7461e-4,-1.7725e-4,0,0,0,0,-1.2936e-5
4.9812,0.01344,216.17,0.79792,0.56253,0.56253,0.002208,0.0077939,1.5609e-4,0,0,0,0,-1.2831e-5
5.0312,0.016413,216.1,0.79351,0.56169,0.56169,0.0026947,0.010148,-1.4737e-4,0,0,0,0,-8.5346e-6
5.0812,0.050247,215.93,0.789,0.56083,0.56084,0.0082572,0.029187,3.4099e-6,0,0,0,0,-3.8112e-6
5.1312,0.071866,215.8,0.7845,0.55998,0.55999,0.011813,0.041995,-4.9495e-4,0,0,0,0,4.0571e-7
5.1812,0.017761,215.91,0.78021,0.55918,0.55918,0.0029098,0.0099704,8.171e-5,0,0,0,0,7.4574e-6
5.2312,0.029606,215.82,0.77591,0.55838,0.55838,0.0048496,0.017066,-5.9788e-5,0,0,0,0,-4.9062e-6
5.2812,0.050562,215.69,0.77161,0.55759,0.55759,0.0082849,0.029832,2.9753e-5,0,0,0,0,-5.2531e-7
5.3312,0.061708,215.6,0.76739,0.55681,0.55682,0.01011,0.035987,1.2877e-4,0,0,0,0,1.9677e-6
5.3812,0.098794,215.43,0.76339,0.55608,0.5561,0.016204,0.05754,2.3173e-4,0,0,0,0,1.7001e-5
5.4312,0.054177,215.52,0.75928,0.55533,0.55534,0.0088609,0.031244,-4.1646e-5,0,0,0,0,5.794e-5
5.4812,0.022049,215.57,0.75515,0.55459,0.55459,0.0035982,0.013058,-4.1848e-5,0,0,0,0,-6.4262e-5
5.5312,0.076873,215.34,0.75108,0.55386,0.55387,0.01257,0.044941,-4.6742e-4,0,0,0,0,-3.9385e-5
5.5812,0.088293,215.26,0.7471,0.55315,0.55316,0.014437,0.0515,-5.1929e-5,0,0,0,0,-9.5728e-6
5.6312,0.082597,215.22,0.74309,0.55243,0.55245,0.013493,0.047365,1.6169e-4,0,0,0,0,-2.2446e-8
5.6812,0.0090624,215.42,0.73926,0.55176,0.55176,0.0014742,0.0055524,-6.698e-5,0,0,0,0,3.7314e-6
5.7312,0.042847,215.26,0.73538,0.55108,0.55108,0.0069775,0.024834,-4.5568e-4,0,0,0,0,-8.4563e-7
5.7812,0.078745,215.09,0.73154,0.55041,0.55042,0.012839,0.045527,-3.9814e-4,0,0,0,0,9.9273e-7
5.8312,0.082853,215.03,0.72772,0.54975,0.54976,0.013503,0.047961,-3.5905e-4,0,0,0,0,1.6455e-5
5.8812,0.058485,215.07,0.72393,0.54909,0.5491,0.0095149,0.03333,-4.9251e-4,0,0,0,0,4.1829e-5
5.9312,0.0019315,215.21,0.72012,0.54844,0.54844,3.1318e-4,0.0011016,-2.6158e-4,0,0,0,0,5.9253e-5
5.9812,0.06711,214.95,0.71629,0.54779,0.5478,0.01091,0.03811,4.1468e-4,0,0,0,0,-4.3831e-5
6.0312,0.11309,214.75,0.71248,0.54714,0.54716,0.018417,0.064877,2.0672e-4,0,0,0,0,-1.2866e-5
6.0812,0.10571,214.73,0.70876,0.54651,0.54653,0.0172,0.060768,-4.1053e-4,0,0,0,0,5.6097e-8
6.1312,0.028446,214.94,0.70519,0.54592,0.54592,0.0046083,0.016495,4.4528e-4,0,0,0,0,7.3154e-6
6.1812,0.037577,214.87,0.70158,0.54532,0.54532,0.0060871,0.021694,-4.7013e-4,0,0,0,0,-5.4454e-6
6.2312,0.094461,214.65,0.69803,0.54473,0.54474,0.015337,0.053741,-4.768e-4,0,0,0,0,-9.7297e-8
6.2812,0.12733,214.5,0.69453,0.54415,0.54418,0.020696,0.07205,-3.6196e-4,0,0,0,0,1.1474e-5
6.3312,0.096116,214.56,0.69097,0.54357,0.54359,0.015591,0.0543,8.8845e-6,0,0,0,0,5.1637e-5
6.3812,0.013117,214.79,0.68736,0.54298,0.54298,0.0021179,0.007383,3.3371e-4,0,0,0,0,8.2092e-5
6.4312,0.060938,214.59,0.6838,0.54241,0.54241,0.0098578,0.034919,4.9203e-4,0,0,0,0,-6.7545e-5
6.4812,0.10395,214.42,0.6803,0.54184,0.54186,0.016844,0.058821,1.0971e-4,0,0,0,0,-3.1692e-5
6.5312,0.10424,214.38,0.67686,0.54129,0.54131,0.016883,0.058322,2.9675e-4,0,0,0,0,-5.3127e-6
6.5812,0.056585,214.5,0.67351,0.54076,0.54076,0.0091388,0.032277,2.7236e-5,0,0,0,0,8.0402e-8
6.6312,0.023779,214.57,0.67009,0.54022,0.54022,0.0038324,0.013026,-1.139e-4,0,0,0,0,1.7144e-6
6.6812,0.0056952,214.59,0.66666,0.53968,0.53968,9.1662e-4,0.002716,1.5473e-4,0,0,0,0,-2.813e-6
6.7312,0.0076167,214.55,0.66317,0.53913,0.53913,0.0012254,0.0047392,4.5814e-4,0,0,0,0,-1.6331e-6
6.7812,0.028716,214.44,0.65978,0.5386,0.5386,0.0046229,0.01609,4.4648e-4,0,0,0,0,-1.0129e-6
6.8312,0.090851,214.21,0.65657,0.53811,0.53812,0.014664,0.050841,2.3326e-4,0,0,0,0,4.1167e-7
6.8812,0.13941,214.02,0.65343,0.53762,0.53766,0.022548,0.077714,-4.3664e-4,0,0,0,0,1.6993e-5
6.9312,0.13965,213.98,0.65028,0.53714,0.53717,0.022578,0.078193,-6.7005e-5,0,0,0,0,6.9486e-5
6.9812,0.06744,214.19,0.64703,0.53665,0.53665,0.01086,0.03764,1.3478e-4,0,0,0,0,1.3516e-4
7.0312,0.012422,214.33,0.64382,0.53616,0.53616,0.0019939,0.0067967,-5.0333e-5,0,0,0,0,-1.5125e-4
7.0812,0.061931,214.14,0.64071,0.53569,0.5357,0.0099616,0.034153,-3.7854e-5,0,0,0,0,-1.2621e-4
7.1312,0.097642,213.99,0.6376,0.53523,0.53524,0.015728,0.05443,-2.8934e-4,0,0,0,0,-8.1469e-5
7.1812,0.086427,214,0.63459,0.53478,0.53479,0.013908,0.04804,-3.3636e-4,0,0,0,0,-3.9348e-5
7.2312,0.068841,214.03,0.63154,0.53433,0.53433,0.011064,0.03787,-2.7384e-4,0,0,0,0,-1.8257e-5
7.2812,0.031097,214.12,0.62853,0.53388,0.53388,0.0049867,0.017736,2.6034e-4,0,0,0,0,-7.5567e-6
7.3312,0.0081199,214.17,0.62548,0.53343,0.53344,0.0013001,0.0046605,-1.612e-4,0,0,0,0,-5.754e-6
7.3812,0.012851,214.12,0.62234,0.53298,0.53298,0.0020574,0.0067264,2.04e-4,0,0,0,0,-4.6826e-6
7.4312,0.0010834,214.13,0.61928,0.53253,0.53253,1.7328e-4,5.6655e-4,1.5939e-4,0,0,0,0,-9.0235e-7
7.4812,0.0046167,214.09,0.61618,0.53209,0.53209,7.3823e-4,0.0020685,3.4604e-4,0,0,0,0,-3.7474e-6
7.5312,0.0016236,214.08,0.61312,0.53165,0.53165,2.5948e-4,6.6941e-4,1.8217e-4,0,0,0,0,-2.9173e-6
7.5812,0.0082447,214.03,0.61009,0.53122,0.53122,0.0013176,0.0040566,3.4755e-4,0,0,0,0,3.7465e-6
7.6312,0.0019828,214.02,0.60703,0.53078,0.53078,3.1666e-4,0.00144,-3.7222e-4,0,0,0,0,-4.3506e-6
7.6812,0.034624,213.89,0.60413,0.53038,0.53038,0.0055368,0.019099,3.2145e-5,0,0,0,0,5.0752e-6
7.7312,0.023902,213.9,0.60113,0.52995,0.52996,0.0038189,0.012977,4.3051e-4,0,0,0,0,1.1773e-5
7.7812,0.017104,213.89,0.59807,0.52953,0.52953,0.0027308,0.0098084,1.7811e-4,0,0,0,0,-1.1812e-5
7.8312,0.017187,213.87,0.59513,0.52912,0.52912,0.0027432,0.0095276,4.4917e-4,0,0,0,0,-8.1578e-6
7.8812,0.0094761,213.87,0.59229,0.52873,0.52873,0.0015114,0.0049649,2.5369e-4,0,0,0,0,7.4507e-6
7.9312,0.012358,213.84,0.58939,0.52833,0.52833,0.0019707,0.0072062,3.5962e-4,0,0,0,0,9.9666e-6
7.9812,0.035836,213.73,0.58637,0.52792,0.52792,0.0057192,0.019698,-4.0711e-4,0,0,0,0,-9.241e-6
8.0312,0.043724,213.68,0.58345,0.52752,0.52753,0.0069785,0.023641,2.382e-4,0,0,0,0,-3.1628e-6
8.0812,0.0057438,213.79,0.5807,0.52715,0.52715,9.147e-4,0.0030496,-4.8695e-4,0,0,0,0,1.4584e-6
8.1312,0.015461,213.73,0.57785,0.52677,0.52677,0.0024625,0.0079563,3.3763e-4,0,0,0,0,2.9571e-6
8.1812,0.021275,213.69,0.57501,0.52639,0.52639,0.0033885,0.011274,-1.2637e-4,0,0,0,0,4.1814e-6
8.2312,0.037818,213.62,0.57224,0.52603,0.52603,0.0060266,0.0204,-4.4604e-4,0,0,0,0,7.8417e-6
8.2812,0.06239,213.51,0.56953,0.52567,0.52567,0.0099517,0.034436,-4.2337e-4,0,0,0,0,1.5653e-5
8.3312,0.091482,213.4,0.56688,0.52532,0.52534,0.014609,0.049481,8.5133e-5,0,0,0,0,3.3836e-5
8.3812,0.1165,213.3,0.56429,0.52498,0.52501,0.018622,0.06346,-4.919e-4,0,0,0,0,6.9114e-5
8.4312,0.051647,213.49,0.56152,0.52462,0.52463,0.0082264,0.027835,-2.192e-4,0,0,0,0,1.1544e-4
8.4812,0.021472,213.57,0.55875,0.52427,0.52427,0.0034138,0.011558,4.2122e-4,0,0,0,0,-1.1965e-4
8.5312,0.028024,213.53,0.55617,0.52394,0.52394,0.0044559,0.014942,-3.1634e-4,0,0,0,0,-1.0448e-4
8.5812,0.015489,213.55,0.55365,0.52362,0.52362,0.0024605,0.0086297,2.6121e-4,0,0,0,0,-9.5612e-5
8.6312,0.051855,213.41,0.55099,0.52328,0.52328,0.0082505,0.028071,2.6221e-4,0,0,0,0,-8.5755e-5
8.6812,0.069805,213.34,0.54837,0.52295,0.52295,0.011113,0.03839,4.3052e-4,0,0,0,0,-5.948e-5
8.7312,0.056471,213.36,0.54581,0.52263,0.52263,0.0089821,0.030705,-1.6538e-4,0,0,0,0,-3.9554e-5
8.7812,0.046526,213.38,0.54323,0.5223,0.52231,0.0073946,0.02474,4.966e-4,0,0,0,0,-2.6862e-5
8.8312,0.01923,213.45,0.54069,0.52199,0.52199,0.0030513,0.0099465,-3.1546e-4,0,0,0,0,-1.9153e-5
8.8812,0.0068884,213.47,0.53811,0.52167,0.52167,0.0010921,0.0033506,-1.5932e-4,0,0,0,0,-1.7899e-5
8.9312,0.0040627,213.47,0.53554,0.52135,0.52135,6.4382e-4,0.0021009,3.6782e-4,0,0,0,0,1.7325e-5
8.9812,0.031683,213.36,0.53303,0.52105,0.52105,0.0050265,0.017209,-2.526e-4,0,0,0,0,2.0725e-5
9.0312,0.074666,213.21,0.5306,0.52075,0.52076,0.011869,0.040495,-2.8921e-4,0,0,0,0,3.2298e-5
9.0812,0.050471,213.27,0.52802,0.52044,0.52045,0.0080108,0.026926,4.371e-4,0,0,0,0,5.4471e-5
9.1312,0.015111,213.37,0.52544,0.52013,0.52013,0.0023936,0.0079557,2.4245e-7,0,0,0,0,6.3575e-5
9.1812,0.0035431,213.39,0.52294,0.51983,0.51983,5.6074e-4,0.0016884,-4.6379e-4,0,0,0,0,6.535e-5
9.2312,0.037649,213.26,0.52037,0.51953,0.51953,0.0059672,0.020395,-1.3548e-4,0,0,0,0,-6.4035e-5
9.2812,0.033167,213.26,0.51793,0.51924,0.51924,0.0052545,0.01775,-4.9896e-4,0,0,0,0,-4.9303e-5
9.3312,0.037366,213.24,0.51545,0.51895,0.51895,0.0059195,0.019777,3.4559e-4,0,0,0,0,-4.251e-5
9.3812,0.034685,213.23,0.51299,0.51866,0.51866,0.0054928,0.018275,4.5528e-4,0,0,0,0,-3.1893e-5
9.4312,0.02101,213.26,0.51056,0.51838,0.51838,0.0033241,0.011288,-3.3643e-4,0,0,0,0,-2.6395e-5
9.4813,0.013181,213.28,0.50819,0.5181,0.5181,0.0020841,0.0069869,5.3521e-6,0,0,0,0,2.4688e-5
9.5313,0.024607,213.23,0.50577,0.51783,0.51783,0.0038922,0.013541,1.7185e-4,0,0,0,0,3.0784e-5
9.5813,0.031725,213.19,0.50336,0.51755,0.51755,0.0050187,0.017074,4.6957e-4,0,0,0,0,3.6827e-5
9.6313,0.059078,213.09,0.50103,0.51729,0.51729,0.0093565,0.032098,3.7185e-6,0,0,0,0,4.8546e-5
9.6813,0.096457,212.96,0.49877,0.51703,0.51705,0.015302,0.051877,6.0618e-5,0,0,0,0,7.3054e-5
9.7313,0.11793,212.88,0.49652,0.51678,0.5168,0.018725,0.063318,-8.9119e-5,0,0,0,0,1.1684e-4
9.7813,0.044023,213.1,0.49405,0.5165,0.51651,0.0069624,0.023602,-4.9376e-4,0,0,0,0,1.6391e-4
9.8313,0.036909,213.11,0.49158,0.51623,0.51623,0.0058338,0.020202,-2.0735e-4,0,0,0,0,-1.6311e-4
9.8813,0.097379,212.91,0.48915,0.51596,0.51597,0.015435,0.051888,-3.8767e-4,0,0,0,0,-1.3306e-4
9.9313,0.14025,212.76,0.48674,0.5157,0.51573,0.022273,0.074698,4.1722e-4,0,0,0,0,-8.4688e-5
9.9813,0.15238,212.71,0.48438,0.51544,0.51547,0.024211,0.081696,2.6701e-4,0,0,0,0,-4.0236e-5
10.031,0.098284,212.87,0.48215,0.5152,0.51521,0.01557,0.052944,-1.6623e-4,0,0,0,0,-1.4017e-5
10.081,0.071015,212.95,0.47983,0.51494,0.51495,0.011232,0.038066,3.8628e-4,0,0,0,0,-5.6148e-6
10.131,0.028247,213.07,0.47753,0.5147,0.5147,0.004457,0.015062,-2.3483e-5,0,0,0,0,-1.5381e-6
10.181,0.0074328,213.13,0.47522,0.51445,0.51445,0.0011713,0.0041874,3.0102e-4,0,0,0,0,1.4345e-6
10.231,0.067953,212.92,0.47299,0.51422,0.51422,0.01074,0.035826,-4.023e-5,0,0,0,0,3.005e-6
10.281,0.086533,212.85,0.47068,0.51397,0.51398,0.013686,0.045714,8.5296e-5,0,0,0,0,1.193e-5
10.331,0.17306,212.56,0.46861,0.51375,0.5138,0.027487,0.092095,-4.3546e-4,0,0,0,0,2.9907e-5
10.381,0.20757,212.44,0.46646,0.51353,0.5136,0.033019,0.1101,3.2627e-4,0,0,0,0,8.9084e-5
10.431,0.19745,212.47,0.46426,0.5133,0.51336,0.031388,0.10516,4.166e-4,0,0,0,0,1.7176e-4
10.481,0.15755,212.58,0.46205,0.51308,0.51311,0.024989,0.083615,-1.6464e-4,0,0,0,0,2.7444e-4
10.531,0.10182,212.75,0.45986,0.51285,0.51287,0.016101,0.053938,3.5588e-4,0,0,0,0,3.5935e-4
10.581,0.0019727,213.07,0.45758,0.51262,0.51262,3.1032e-4,4.1689e-4,-1.9269e-4,0,0,0,0,3.9988e-4
10.631,0.060155,212.87,0.4554,0.5124,0.5124,0.0094891,0.031923,4.9724e-4,0,0,0,0,-3.7911e-4
10.681,0.12647,212.64,0.4532,0.51218,0.5122,0.020013,0.067764,-1.1796e-4,0,0,0,0,-3.2567e-4
10.731,0.19112,212.43,0.45096,0.51195,0.51201,0.030338,0.1011,4.8279e-4,0,0,0,0,-2.3172e-4
10.781,0.20602,212.37,0.44881,0.51174,0.5118,0.032721,0.1096,-2.5561e-4,0,0,0,0,-1.3655e-4
10.831,0.21924,212.32,0.4466,0.51152,0.51159,0.034837,0.11568,4.2544e-4,0,0,0,0,-6.5364e-5
10.881,0.24695,212.22,0.44429,0.51129,0.51139,0.039289,0.1302,-4.6333e-4,0,0,0,0,-1.6776e-5
10.931,0.18199,212.42,0.44217,0.51108,0.51114,0.028854,0.096188,4.3988e-5,0,0,0,0,-7.3253e-9
10.981,0.091283,212.7,0.44009,0.51088,0.5109,0.014404,0.048024,-1.9098e-4,0,0,0,0,4.6639e-6
11.031,0.019093,212.93,0.43794,0.51067,0.51068,0.0030013,0.010238,4.8954e-4,0,0,0,0,9.6898e-6
11.081,0.13745,212.53,0.43602,0.51049,0.51052,0.021732,0.073104,3.7267e-4,0,0,0,0,-5.823e-6
11.131,0.2328,212.22,0.434,0.5103,0.51038,0.036981,0.12328,3.6338e-4,0,0,0,0,1.1545e-6
11.181,0.26734,212.1,0.43189,0.5101,0.51021,0.042534,0.14151,-3.9903e-4,0,0,0,0,2.7589e-5
11.231,0.27734,212.06,0.42979,0.5099,0.51002,0.044141,0.14592,4.2622e-4,0,0,0,0,9.8351e-5
11.281,0.2905,212.01,0.42779,0.50971,0.50984,0.046258,0.15298,-3.2815e-4,0,0,0,0,2.1303e-4
11.331,0.3115,211.93,0.42589,0.50954,0.50969,0.049647,0.16328,4.9889e-4,0,0,0,0,3.8533e-4
11.381,0.26479,212.07,0.4239,0.50935,0.50946,0.042097,0.13938,2.5171e-4,0,0,0,0,6.0727e-4
11.431,0.15019,212.43,0.42179,0.50916,0.50919,0.023736,0.078974,5.4362e-5,0,0,0,0,7.9659e-4
11.481,0.062932,212.71,0.4198,0.50897,0.50898,0.0099003,0.032818,1.2075e-4,0,0,0,0,8.9506e-4
11.531,0.0080107,212.88,0.41786,0.5088,0.5088,0.0012565,0.0047622,3.7613e-6,0,0,0,0,-9.2797e-4
11.581,0.092762,212.59,0.41589,0.50862,0.50863,0.014611,0.049376,2.3928e-4,0,0,0,0,-8.9097e-4
11.631,0.20594,212.22,0.41381,0.50843,0.5085,0.03262,0.10907,1.5871e-4,0,0,0,0,-7.6565e-4
11.681,0.31301,211.87,0.4117,0.50825,0.5084,0.049838,0.16509,-2.4343e-4,0,0,0,0,-5.5818e-4
11.731,0.37343,211.67,0.40963,0.50806,0.50828,0.059631,0.19584,-7.7251e-5,0,0,0,0,-3.3262e-4
11.781,0.38763,211.62,0.4076,0.50788,0.50812,0.061932,0.20306,4.5957e-4,0,0,0,0,-1.5157e-4
11.831,0.38978,211.6,0.40552,0.5077,0.50794,0.062274,0.20458,-3.7615e-4,0,0,0,0,-4.0459e-5
11.881,0.37862,211.63,0.40338,0.50751,0.50774,0.060448,0.19876,1.6421e-4,0,0,0,0,-1.8339e-7
11.931,0.34027,211.74,0.40124,0.50733,0.50751,0.054211,0.17803,7.6136e-5,0,0,0,0,2.628e-5
11.981,0.25661,212,0.39915,0.50715,0.50725,0.040705,0.1345,-4.5239e-4,0,0,0,0,9.6012e-5
12.031,0.13375,212.39,0.39712,0.50698,0.507,0.021082,0.070569,-1.8216e-4,0,0,0,0,1.6554e-4
12.081,0.027908,212.72,0.39503,0.5068,0.5068,0.0043745,0.014938,-7.8193e-5,0,0,0,0,1.9795e-4
12.131,0.098161,212.49,0.393,0.50663,0.50664,0.01544,0.052264,-4.5674e-4,0,0,0,0,-1.8841e-4
12.181,0.24013,212.02,0.39105,0.50646,0.50655,0.038038,0.12558,4.4886e-4,0,0,0,0,-1.2661e-4
12.231,0.37494,211.59,0.38914,0.50631,0.50653,0.059788,0.19636,2.2605e-4,0,0,0,0,-4.562e-5
12.281,0.47625,211.26,0.38724,0.50615,0.5065,0.07632,0.24836,2.9739e-4,0,0,0,0,-2.0618e-7
12.331,0.51712,211.13,0.38529,0.50599,0.5064,0.083028,0.26945,4.3395e-4,0,0,0,0,4.7467e-5
12.381,0.52211,211.11,0.38336,0.50583,0.50625,0.083839,0.27235,2.4049e-4,0,0,0,0,2.093e-4
12.431,0.51603,211.12,0.38151,0.50568,0.50609,0.082828,0.26824,3.3495e-4,0,0,0,0,4.8417e-4
12.481,0.41466,211.43,0.37951,0.50552,0.50579,0.066212,0.21526,1.9509e-4,0,0,0,0,8.4203e-4
12.531,0.30176,211.78,0.37757,0.50537,0.50551,0.047905,0.15618,-1.0522e-4,0,0,0,0,0.001164
12.581,0.18819,212.13,0.37568,0.50522,0.50527,0.029701,0.097362,2.0267e-4,0,0,0,0,0.0014297
12.631,0.06755,212.51,0.37381,0.50507,0.50508,0.010594,0.033679,-2.341e-4,0,0,0,0,0.0015794
12.681,0.023869,212.65,0.37202,0.50493,0.50493,0.0037347,0.014101,3.5136e-4,0,0,0,0,-0.0016108
12.731,0.11361,212.35,0.37023,0.50479,0.50481,0.017857,0.06102,3.6784e-4,0,0,0,0,-0.0015493
12.781,0.20962,212.04,0.3684,0.50465,0.50472,0.033102,0.11056,1.3989e-4,0,0,0,0,-0.0013896
12.831,0.30392,211.73,0.36653,0.50451,0.50465,0.048217,0.15941,-3.4103e-4,0,0,0,0,-0.0011494
12.881,0.37181,211.51,0.36468,0.50437,0.50458,0.059183,0.19475,-2.1829e-4,0,0,0,0,-8.6233e-4
12.931,0.41963,211.35,0.36281,0.50423,0.5045,0.066947,0.21903,9.9604e-5,0,0,0,0,-5.8135e-4
12.981,0.39071,211.44,0.36106,0.50409,0.50433,0.062237,0.20367,-4.7788e-5,0,0,0,0,-3.4419e-4
13.031,0.3937,211.42,0.35917,0.50395,0.50419,0.062715,0.20479,3.0667e-4,0,0,0,0,-1.8445e-4
13.081,0.37553,211.47,0.35727,0.50381,0.50403,0.059759,0.19545,4.7609e-4,0,0,0,0,-6.9756e-5
13.131,0.20812,212,0.3557,0.5037,0.50376,0.032836,0.10911,-1.004e-4,0,0,0,0,-1.7886e-5
13.181,0.068431,212.44,0.35404,0.50358,0.50358,0.010719,0.035582,4.5657e-4,0,0,0,0,-7.0875e-6
13.231,3.7797e-4,212.66,0.35218,0.50344,0.50344,5.8993e-5,2.5336e-4,3.7774e-5,0,0,0,0,0
13.281,0.01531,212.6,0.3502,0.5033,0.5033,0.0023911,0.0075799,3.4608e-4,0,0,0,0,6.1685e-6
13.331,0.098106,212.33,0.3484,0.50317,0.50318,0.015385,0.051711,1.4928e-4,0,0,0,0,8.9716e-6
13.381,0.1848,212.04,0.34664,0.50304,0.5031,0.029106,0.095903,4.5807e-4,0,0,0,0,2.4739e-5
13.431,0.27656,211.74,0.34492,0.50292,0.50304,0.043757,0.14393,3.5111e-4,0,0,0,0,6.1866e-5
13.481,0.26018,211.79,0.34298,0.50279,0.50289,0.041127,0.13534,4.2066e-4,0,0,0,0,1.361e-4
13.531,0.2493,211.82,0.3411,0.50266,0.50275,0.03938,0.12996,6.0788e-5,0,0,0,0,2.1771e-4
13.581,0.2387,211.84,0.33925,0.50253,0.50262,0.037682,0.12424,7.124e-5,0,0,0,0,3.2535e-4
13.631,0.31022,211.61,0.33767,0.50242,0.50257,0.049145,0.16119,2.9934e-4,0,0,0,0,4.5244e-4
13.681,0.28417,211.69,0.33588,0.5023,0.50242,0.044954,0.14676,2.9277e-4,0,0,0,0,6.4899e-4
13.731,0.23023,211.85,0.33406,0.50218,0.50226,0.036317,0.1193,1.8574e-4,0,0,0,0,8.1867e-4
13.781,0.22062,211.88,0.3324,0.50207,0.50214,0.034781,0.11399,2.9138e-4,0,0,0,0,9.9257e-4
13.831,0.18776,211.98,0.3307,0.50195,0.50201,0.029548,0.097019,1.2274e-4,0,0,0,0,0.0011696
13.881,0.11228,212.22,0.32893,0.50184,0.50186,0.0176,0.057126,-1.8459e-4,0,0,0,0,0.0013145
13.931,0.076489,212.33,0.32727,0.50173,0.50174,0.011967,0.038444,1.7403e-4,0,0,0,0,0.0014002
13.981,0.040792,212.44,0.32563,0.50162,0.50163,0.0063697,0.019598,-1.8438e-4,0,0,0,0,0.0014722
14.031,0.058339,212.37,0.32383,0.50151,0.50151,0.0091169,0.03182,1.3285e-4,0,0,0,0,-0.0014862
14.081,0.14562,212.09,0.32204,0.50139,0.50143,0.022856,0.076945,4.7988e-5,0,0,0,0,-0.0014013
14.131,0.15414,212.05,0.32044,0.50129,0.50133,0.024202,0.081286,-2.1737e-4,0,0,0,0,-0.0012742
14.181,0.16077,212.03,0.31882,0.50119,0.50123,0.025249,0.08466,1.1514e-4,0,0,0,0,-0.0011613
14.231,0.19614,211.91,0.31711,0.50108,0.50114,0.030857,0.10314,-1.5293e-4,0,0,0,0,-0.0010352
14.281,0.16757,212,0.31554,0.50099,0.50103,0.026321,0.08753,4.5275e-4,0,0,0,0,-9.0241e-4
14.331,0.14838,212.05,0.31393,0.50089,0.50092,0.023281,0.077575,1.3435e-4,0,0,0,0,-8.1072e-4
14.381,0.11795,212.15,0.31233,0.50079,0.50081,0.018477,0.062497,-2.4531e-4,0,0,0,0,-7.282e-4
14.431,0.06984,212.3,0.31077,0.5007,0.5007,0.010913,0.036996,3.7076e-4,0,0,0,0,-6.7828e-4
14.481,0.069104,212.29,0.30907,0.50059,0.5006,0.010796,0.036664,3.4079e-4,0,0,0,0,-6.4962e-4
14.531,0.10357,212.18,0.30728,0.50049,0.5005,0.016207,0.054409,2.2667e-4,0,0,0,0,-6.0894e-4
14.581,0.10687,212.16,0.30555,0.50039,0.5004,0.016725,0.055823,-3.4359e-5,0,0,0,0,-5.5439e-4
14.631,0.10231,212.17,0.30384,0.50029,0.5003,0.016007,0.05363,3.3011e-5,0,0,0,0,-5.0783e-4
14.681,0.043454,212.36,0.30225,0.5002,0.5002,0.0067775,0.02309,-4.313e-4,0,0,0,0,-4.7065e-4
14.731,0.0099446,212.46,0.30066,0.5001,0.5001,0.0015483,0.0048681,-3.077e-4,0,0,0,0,4.6962e-4
14.781,0.034392,212.38,0.29899,0.50001,0.50001,0.0053607,0.017351,4.6652e-4,0,0,0,0,4.8711e-4
14.831,0.070036,212.26,0.29735,0.49992,0.49992,0.010936,0.035798,2.689e-4,0,0,0,0,5.1669e-4
14.881,0.061272,212.28,0.29562,0.49982,0.49983,0.0095619,0.030779,4.8448e-4,0,0,0,0,5.6072e-4
14.931,0.11908,212.09,0.29406,0.49973,0.49976,0.018636,0.060707,-2.013e-4,0,0,0,0,6.0295e-4
14.981,0.20359,211.81,0.2926,0.49965,0.49972,0.031999,0.10461,-4.6672e-4,0,0,0,0,6.998e-4
15.031,0.22498,211.74,0.29099,0.49957,0.49964,0.035396,0.11565,-2.462e-4,0,0,0,0,8.3786e-4
15.081,0.28431,211.55,0.28952,0.49949,0.49961,0.044862,0.1459,1.2361e-4,0,0,0,0,1e-3
15.131,0.30589,211.47,0.28798,0.49941,0.49955,0.048317,0.1565,-2.7455e-4,0,0,0,0,0.0012265
15.181,0.3043,211.48,0.28641,0.49932,0.49946,0.048058,0.15544,3.2334e-4,0,0,0,0,0.0014675
15.231,0.32981,211.39,0.28495,0.49925,0.49941,0.052149,0.1688,-2.1222e-4,0,0,0,0,0.0017403
15.281,0.31769,211.42,0.28343,0.49917,0.49932,0.050199,0.16192,-3.4333e-4,0,0,0,0,0.0020542
15.331,0.20876,211.77,0.28169,0.49908,0.49914,0.032802,0.10582,5.4741e-5,0,0,0,0,0.0023422
15.381,0.059405,212.24,0.27986,0.49898,0.49899,0.0092623,0.028807,4.439e-4,0,0,0,0,0.0025023
15.431,0.093317,212.13,0.27802,0.49889,0.4989,0.014574,0.051171,-7.1696e-5,0,0,0,0,-0.0025152
15.481,0.18454,211.83,0.27633,0.49881,0.49886,0.028952,0.0979,8.3931e-5,0,0,0,0,-0.0023904
15.531,0.1932,211.8,0.27483,0.49873,0.49879,0.030322,0.1017,-4.6109e-4,0,0,0,0,-0.0022233
15.581,0.23901,211.65,0.27321,0.49865,0.49874,0.037597,0.12509,-2.2456e-4,0,0,0,0,-0.0020601
15.631,0.23615,211.65,0.2717,0.49858,0.49867,0.037139,0.12337,-1.2476e-4,0,0,0,0,-0.0018584
15.681,0.25139,211.6,0.27012,0.49851,0.4986,0.039564,0.13151,1.828e-4,0,0,0,0,-0.0016881
15.731,0.27966,211.51,0.26848,0.49843,0.49855,0.044074,0.14622,1.0797e-4,0,0,0,0,-0.0014963
15.781,0.32725,211.35,0.26676,0.49835,0.49851,0.051694,0.17004,-4.5889e-4,0,0,0,0,-0.0013001
15.831,0.36606,211.22,0.26503,0.49827,0.49847,0.057934,0.1899,-3.9682e-4,0,0,0,0,-0.0010827
15.881,0.33712,211.31,0.26344,0.49819,0.49837,0.053271,0.1743,-2.9653e-4,0,0,0,0,-8.798e-4
15.931,0.17056,211.84,0.26219,0.49814,0.49818,0.026723,0.088647,1.2779e-4,0,0,0,0,-7.3961e-4
15.981,0.12386,211.99,0.26061,0.49807,0.49809,0.019359,0.064925,-3.7047e-4,0,0,0,0,-6.9232e-4
16.031,0.10832,212.03,0.25895,0.49799,0.49801,0.016914,0.056194,-2.5359e-4,0,0,0,0,-6.3714e-4
16.081,0.012327,212.34,0.25748,0.49793,0.49793,0.0019153,0.0074162,-1.8452e-4,0,0,0,0,-6.1256e-4
16.131,0.055156,212.2,0.25595,0.49786,0.49787,0.0085882,0.027687,-9.0583e-5,0,0,0,0,6.3357e-4
16.181,0.1259,211.96,0.25443,0.4978,0.49782,0.019674,0.06453,1.6553e-4,0,0,0,0,6.8013e-4
16.231,0.13593,211.93,0.25276,0.49773,0.49776,0.021251,0.069796,2.3239e-4,0,0,0,0,7.6051e-4
16.281,0.15662,211.86,0.25114,0.49766,0.4977,0.024509,0.079746,-1.9578e-4,0,0,0,0,8.386e-4
16.331,0.2894,211.43,0.24982,0.49761,0.49774,0.045592,0.14764,4.6739e-4,0,0,0,0,9.5816e-4
16.381,0.32919,211.3,0.24828,0.49754,0.49771,0.051963,0.16804,3.3118e-4,0,0,0,0,0.0011645
16.431,0.34287,211.25,0.24671,0.49748,0.49766,0.054156,0.17514,1.6518e-4,0,0,0,0,0.001383
16.481,0.44056,210.94,0.24538,0.49743,0.49772,0.069927,0.22409,1.648e-5,0,0,0,0,0.0016573
16.531,0.50082,210.75,0.24399,0.49737,0.49776,0.079729,0.25427,-4.7101e-4,0,0,0,0,0.0020357
16.581,0.45245,210.9,0.24236,0.49731,0.49762,0.071848,0.23011,4.3757e-4,0,0,0,0,0.0024624
16.631,0.38272,211.11,0.24071,0.49725,0.49747,0.060557,0.19394,-4.0227e-5,0,0,0,0,0.0028599
16.681,0.3807,211.12,0.23925,0.49719,0.49741,0.060227,0.19237,5.7706e-5,0,0,0,0,0.0032391
16.731,0.4169,211,0.23793,0.49714,0.49741,0.066072,0.20999,-2.0724e-4,0,0,0,0,0.0036656
16.781,0.51009,210.71,0.23678,0.4971,0.4975,0.081218,0.25661,2.4579e-4,0,0,0,0,0.0041705
16.831,0.5412,210.61,0.23552,0.49706,0.4975,0.086301,0.27186,-2.7448e-4,0,0,0,0,0.004817
16.881,0.4665,210.83,0.23401,0.497,0.49733,0.074106,0.2338,2.376e-4,0,0,0,0,0.0054825
16.931,0.45371,210.87,0.23269,0.49696,0.49727,0.072024,0.2267,4.3733e-4,0,0,0,0,0.006087
16.981,0.41107,211,0.23133,0.49691,0.49717,0.065112,0.20414,-4.6167e-4,0,0,0,0,0.0067355
17.031,0.31745,211.29,0.22986,0.49686,0.49701,0.050042,0.15548,-9.9954e-5,0,0,0,0,0.0073042
17.081,0.18958,211.7,0.22831,0.49681,0.49686,0.029689,0.089412,2.6667e-4,0,0,0,0,0.0077519
17.131,0.0076312,212.28,0.22662,0.49675,0.49675,0.0011839,-0.0044936,-1.7498e-4,0,0,0,0,0.0079433
17.181,0.10495,211.96,0.22511,0.4967,0.49672,0.016362,0.062105,-6.0261e-5,0,0,0,0,-0.0079883
17.231,0.23095,211.56,0.22354,0.49665,0.49673,0.036237,0.12703,1.3282e-4,0,0,0,0,-0.0078597
17.281,0.35809,211.15,0.22196,0.4966,0.4968,0.056547,0.19092,2.0241e-4,0,0,0,0,-0.0075328
17.331,0.38417,211.06,0.22061,0.49656,0.49678,0.060742,0.20418,-2.1335e-4,0,0,0,0,-0.0070889
17.381,0.32902,211.24,0.21945,0.49652,0.49669,0.051875,0.17562,-9.4007e-6,0,0,0,0,-0.0066775
17.431,0.36565,211.12,0.21803,0.49648,0.49669,0.057755,0.19396,4.1976e-4,0,0,0,0,-0.0063432
17.481,0.40431,210.99,0.21657,0.49644,0.49669,0.063983,0.21328,-3.5413e-4,0,0,0,0,-0.0059358
17.531,0.33991,211.19,0.21536,0.4964,0.49658,0.053613,0.17949,3.2838e-4,0,0,0,0,-0.0055455
17.581,0.31832,211.26,0.21402,0.49637,0.49652,0.05015,0.16831,4.6383e-4,0,0,0,0,-0.0052551
17.631,0.20678,211.61,0.2129,0.49634,0.4964,0.032391,0.11131,4.8555e-4,0,0,0,0,-0.0049875
17.681,0.14172,211.82,0.21164,0.4963,0.49633,0.022125,0.07745,1.8723e-4,0,0,0,0,-0.0048796
17.731,0.13824,211.83,0.21021,0.49626,0.49629,0.021577,0.075625,-3.0784e-4,0,0,0,0,-0.0047884
17.781,0.086736,211.99,0.20889,0.49623,0.49624,0.013502,0.04961,-5.9771e-5,0,0,0,0,-0.0047169
17.831,0.024184,212.19,0.20774,0.4962,0.4962,0.0037523,0.0075082,4.1679e-4,0,0,0,0,0.0047197
17.881,0.013079,212.22,0.20624,0.49616,0.49616,0.002028,0.0017621,9.7343e-5,0,0,0,0,0.0048235
17.931,0.0040458,212.25,0.20473,0.49612,0.49612,6.2702e-4,0.0073656,-2.1366e-4,0,0,0,0,-0.0048274
17.981,0.029938,212.16,0.20319,0.49608,0.49608,0.0046457,0.02051,-3.7091e-4,0,0,0,0,-0.0049455
18.031,0.0094372,212.23,0.20178,0.49605,0.49605,0.0014628,0.0094068,-4.4633e-4,0,0,0,0,-0.0049688
18.081,0.068594,212.03,0.20051,0.49602,0.49603,0.010664,0.029914,3.0334e-4,0,0,0,0,0.0050529
18.131,0.19406,211.63,0.19939,0.49599,0.49605,0.030365,0.09483,-4.8589e-4,0,0,0,0,0.0052245
18.181,0.24409,211.46,0.19806,0.49596,0.49606,0.038289,0.11993,4.3901e-4,0,0,0,0,0.0055305
18.231,0.24318,211.46,0.19661,0.49593,0.49602,0.038143,0.1185,-3.8739e-4,0,0,0,0,0.0058556
18.281,0.2988,211.28,0.19532,0.49591,0.49604,0.046997,0.1466,-4.7677e-4,0,0,0,0,0.0061999
18.331,0.40519,210.95,0.19418,0.49588,0.49613,0.064074,0.20043,-4.9901e-4,0,0,0,0,0.0066402
18.381,0.4058,210.94,0.19277,0.49585,0.4961,0.06417,0.20056,2.9613e-4,0,0,0,0,0.0072079
18.431,0.49558,210.66,0.19163,0.49583,0.4962,0.07872,0.24554,7.0576e-5,0,0,0,0,0.0077662
18.481,0.57333,210.42,0.19048,0.49581,0.4963,0.091424,0.28412,-2.2467e-4,0,0,0,0,0.0085125
18.531,0.48907,210.67,0.18889,0.49578,0.49614,0.077653,0.24006,1.3629e-4,0,0,0,0,0.009327
18.581,0.53272,210.54,0.18769,0.49576,0.49619,0.084767,0.26195,-2.7891e-4,0,0,0,0,0.010037
18.631,0.53632,210.52,0.18639,0.49573,0.49617,0.085353,0.26209,-1.9004e-4,0,0,0,0,0.010906
18.681,0.58617,210.37,0.18524,0.49571,0.49623,0.093516,0.28647,4.2725e-5,0,0,0,0,0.011748
18.731,0.61266,210.28,0.18406,0.4957,0.49626,0.097869,0.29952,6.5113e-5,0,0,0,0,0.012751
18.781,0.6728,210.1,0.18299,0.49568,0.49636,0.1078,0.32851,-3.5334e-4,0,0,0,0,0.013781
18.831,0.73523,209.9,0.18196,0.49566,0.49647,0.11816,0.35845,-6.9054e-6,0,0,0,0,0.014983
18.881,0.74427,209.88,0.18081,0.49564,0.49648,0.11966,0.36141,2.2573e-4,0,0,0,0,0.0163
18.931,0.78108,209.76,0.17977,0.49563,0.49654,0.12581,0.37816,2.5058e-4,0,0,0,0,0.017666
18.981,0.78823,209.74,0.17867,0.49561,0.49654,0.127,0.38078,4.8988e-4,0,0,0,0,0.019166
19.031,0.7308,209.91,0.17741,0.4956,0.4964,0.11741,0.35071,1.9855e-4,0,0,0,0,0.020711
19.081,0.66312,210.11,0.17614,0.49558,0.49624,0.10617,0.31521,3.3838e-4,0,0,0,0,0.022188
19.131,0.69289,210.02,0.17519,0.49557,0.49629,0.1111,0.32866,2.326e-4,0,0,0,0,0.023565
19.181,0.65896,210.12,0.17407,0.49555,0.49621,0.10548,0.30976,4.7333e-4,0,0,0,0,0.025104
19.231,0.56571,210.41,0.17279,0.49554,0.49602,0.090126,0.26141,-1.9524e-4,0,0,0,0,0.026564
19.281,0.50291,210.6,0.17162,0.49553,0.49591,0.079864,0.22848,-4.5357e-5,0,0,0,0,0.027874
19.331,0.39464,210.94,0.17031,0.49551,0.49575,0.062326,0.17225,-3.6339e-4,0,0,0,0,0.02912
19.381,0.25218,211.39,0.1689,0.4955,0.4956,0.039538,0.098823,1.961e-4,0,0,0,0,0.030151
19.431,0.11638,211.82,0.16751,0.49549,0.49551,0.01812,0.028819,-3.7929e-4,0,0,0,0,0.030908
19.481,0.089746,211.9,0.16645,0.49548,0.49549,0.013953,0.014761,-1.0254e-4,0,0,0,0,0.031346
19.531,0.082578,211.93,0.16545,0.49547,0.49548,0.012834,0.010947,-7.8027e-5,0,0,0,0,0.031796
19.581,0.022879,212.12,0.16427,0.49546,0.49546,0.0035446,-0.019953,2.6677e-4,0,0,0,0,0.032068
19.631,0.030771,212.09,0.1633,0.49545,0.49545,0.0047691,-0.017106,-3.6761e-4,0,0,0,0,0.032457
19.681,0.022651,212.12,0.16227,0.49545,0.49545,0.0035091,-0.020803,-2.3808e-4,0,0,0,0,0.032518
19.731,0.056468,212,0.16137,0.49544,0.49545,0.008763,-0.0036747,3.3032e-4,0,0,0,0,0.033155
19.781,0.013107,212.14,0.16021,0.49543,0.49543,0.0020294,-0.024106,-0.0028328,0,0,0,0,0.030592
19.831,0.073431,211.95,0.15939,0.49543,0.49544,0.011405,0.0036548,-2.5904e-4,0,0,0,0,0.033875
19.881,0.15875,211.67,0.15864,0.49543,0.49546,0.024763,0.046463,3.0306e-4,0,0,0,0,0.03443
19.931,0.16629,211.64,0.15764,0.49542,0.49546,0.02595,0.050242,-4.3202e-4,0,0,0,0,0.035075
19.981,0.15993,211.66,0.15658,0.49542,0.49546,0.024948,0.046404,4.0154e-4,0,0,0,0,0.035735
20.031,0.13664,211.74,0.15546,0.49541,0.49544,0.021289,0.03341,2.2333e-4,0,0,0,0,0.036396
20.081,0.071734,211.94,0.15419,0.49541,0.49542,0.011139,3.5411e-4,-7.8708e-4,0,0,0,0,0.036842
20.131,0.047909,212.02,0.15305,0.49541,0.49541,0.0074299,-0.012436,-3.3752e-4,0,0,0,0,0.03686
20.181,0.10423,211.84,0.15217,0.49541,0.49542,0.016212,0.015373,-5.3617e-4,0,0,0,0,0.0379
20.231,0.17834,211.6,0.15136,0.49541,0.49545,0.027842,0.052372,-1.26e-4,0,0,0,0,0.038574
20.281,0.26416,211.32,0.15059,0.49541,0.49551,0.041421,0.095328,-4.2877e-4,0,0,0,0,0.039304
20.331,0.33798,211.08,0.14978,0.4954,0.49558,0.053195,0.13224,4.5299e-4,0,0,0,0,0.040218
20.381,0.39588,210.9,0.14891,0.49541,0.49564,0.06249,0.16089,-2.7138e-4,0,0,0,0,0.041296
20.431,0.47029,210.67,0.14811,0.49541,0.49574,0.074513,0.19719,4.4936e-5,0,0,0,0,0.042479
20.481,0.51655,210.52,0.14722,0.49541,0.49581,0.082033,0.21856,-1.2445e-4,0,0,0,0,0.043884
20.531,0.562,210.38,0.14634,0.49541,0.49588,0.089453,0.24073,4.3722e-4,0,0,0,0,0.04538
20.581,0.48104,210.63,0.14497,0.49541,0.49576,0.076252,0.19716,-4.3398e-4,0,0,0,0,0.047234
20.631,0.45431,210.71,0.14381,0.49541,0.49573,0.071916,0.18261,3.4001e-4,0,0,0,0,0.04876
20.681,0.48647,210.61,0.14287,0.49542,0.49578,0.07713,0.19693,3.4079e-4,0,0,0,0,0.05024
20.731,0.53507,210.46,0.14201,0.49542,0.49585,0.085042,0.2201,-1.5876e-4,0,0,0,0,0.051759
20.781,0.60522,210.24,0.14124,0.49542,0.49598,0.09653,0.25349,3.8121e-4,0,0,0,0,0.053376
20.831,0.71457,209.9,0.14064,0.49543,0.49619,0.1146,0.30687,4.3042e-4,0,0,0,0,0.055068
20.881,0.81381,209.6,0.14002,0.49543,0.49642,0.13115,0.35434,1.271e-4,0,0,0,0,0.057063
20.931,0.82593,209.57,0.13906,0.49544,0.49645,0.13318,0.35825,3.1564e-4,0,0,0,0,0.059522
20.981,0.77638,209.71,0.13785,0.49544,0.49635,0.12488,0.33057,3.5028e-4,0,0,0,0,0.062192
21.031,0.76047,209.76,0.13678,0.49545,0.49632,0.12222,0.31994,3.9018e-4,0,0,0,0,0.06468
21.081,0.85871,209.46,0.13621,0.49545,0.49655,0.13869,0.36682,1.583e-4,0,0,0,0,0.066806
21.131,0.93816,209.23,0.13559,0.49546,0.49677,0.15211,0.40361,3.8584e-4,0,0,0,0,0.069309
21.181,0.96183,209.15,0.13474,0.49547,0.49684,0.15613,0.41262,4.2106e-4,0,0,0,0,0.07219
21.231,0.9613,209.15,0.1338,0.49548,0.49685,0.15604,0.40884,-2.8513e-4,0,0,0,0,0.075263
21.281,0.94624,209.2,0.13279,0.49548,0.49681,0.15348,0.399,1.6232e-4,0,0,0,0,0.07844
21.331,0.89206,209.36,0.13161,0.4955,0.49668,0.1443,0.36873,-4.7836e-4,0,0,0,0,0.081834
21.381,0.91301,209.29,0.13079,0.4955,0.49675,0.14784,0.37544,3.8318e-4,0,0,0,0,0.084733
21.431,0.97802,209.1,0.13019,0.49551,0.49693,0.15887,0.40482,4.1063e-4,0,0,0,0,0.087541
21.481,1.0698,208.83,0.12976,0.49552,0.49721,0.17456,0.44813,-1.7249e-4,0,0,0,0,0.090344
21.531,1.1546,208.58,0.12933,0.49552,0.49749,0.18919,0.48671,3.714e-4,0,0,0,0,0.093444
21.581,1.2225,208.38,0.12885,0.49553,0.49772,0.20096,0.51654,1.8884e-4,0,0,0,0,0.096847
21.631,1.2875,208.2,0.12839,0.49553,0.49796,0.21232,0.54462,3.9338e-4,0,0,0,0,0.10044
21.681,1.3224,208.09,0.12781,0.49554,0.4981,0.21844,0.557,2.5922e-4,0,0,0,0,0.10444
21.731,1.3211,208.1,0.12705,0.49555,0.49811,0.2182,0.55258,2.7352e-4,0,0,0,0,0.10884
21.781,1.3268,208.08,0.12635,0.49556,0.49814,0.21921,0.5504,-4.8025e-4,0,0,0,0,0.11319
21.831,1.3081,208.13,0.12554,0.49557,0.49808,0.21592,0.53739,1.1469e-4,0,0,0,0,0.11785
21.881,1.2751,208.23,0.12464,0.49559,0.49797,0.21012,0.51619,-3.2793e-4,0,0,0,0,0.12265
21.931,1.2976,208.16,0.12412,0.49559,0.49806,0.21408,0.52323,1.5162e-5,0,0,0,0,0.12674
21.981,1.3571,207.99,0.12388,0.4956,0.49829,0.22453,0.54818,-3.8886e-4,0,0,0,0,0.13044
22.031,1.3872,207.9,0.1235,0.4956,0.49841,0.22985,0.55856,4.498e-4,0,0,0,0,0.13464
22.081,1.4104,207.84,0.12312,0.49561,0.49851,0.23395,0.56536,3.3949e-4,0,0,0,0,0.13893
22.131,1.4499,207.73,0.12291,0.49561,0.49867,0.24096,0.5807,-1.5746e-4,0,0,0,0,0.14297
22.181,1.4765,207.65,0.12267,0.49562,0.49879,0.24568,0.58933,3.2318e-4,0,0,0,0,0.14724
22.231,1.4577,207.7,0.12213,0.49563,0.49872,0.24233,0.57549,-1.6954e-4,0,0,0,0,0.15232
22.281,1.4357,207.76,0.12159,0.49564,0.49864,0.23843,0.55952,-2.1117e-4,0,0,0,0,0.15734
22.331,1.3716,207.95,0.12071,0.49565,0.4984,0.22708,0.52243,-2.8097e-4,0,0,0,0,0.16326
22.381,1.3341,208.05,0.12007,0.49566,0.49827,0.22047,0.4991,4.6212e-4,0,0,0,0,0.16835
22.431,1.3454,208.02,0.11994,0.49566,0.49831,0.22245,0.50081,-3.7096e-4,0,0,0,0,0.17205
22.481,1.3756,207.93,0.12009,0.49566,0.49843,0.22779,0.51272,2.4827e-4,0,0,0,0,0.17501
22.531,1.38,207.92,0.12007,0.49566,0.49844,0.22855,0.51081,-1.6523e-4,0,0,0,0,0.17857
22.581,1.3629,207.97,0.1199,0.49567,0.49838,0.22554,0.49888,3.5245e-4,0,0,0,0,0.18257
22.631,1.3044,208.14,0.11925,0.49568,0.49817,0.21524,0.46443,-2.0726e-4,0,0,0,0,0.18793
22.681,1.2606,208.26,0.11882,0.49569,0.49802,0.20757,0.43875,3.428e-4,0,0,0,0,0.19244
22.731,1.2278,208.36,0.11859,0.49569,0.4979,0.20184,0.41916,3.641e-4,0,0,0,0,0.19623
22.781,1.1854,208.48,0.11827,0.4957,0.49776,0.19448,0.39462,-3.441e-4,0,0,0,0,0.2002
22.831,1.1465,208.59,0.11806,0.4957,0.49764,0.18773,0.37165,-2.739e-4,0,0,0,0,0.20367
22.881,1.1132,208.69,0.11804,0.4957,0.49753,0.18198,0.35256,4.0836e-5,0,0,0,0,0.20634
22.931,1.0777,208.79,0.1181,0.4957,0.49742,0.17587,0.3334,4.765e-4,0,0,0,0,0.20861
22.981,1.0257,208.95,0.11784,0.4957,0.49726,0.16696,0.30437,4.4644e-4,0,0,0,0,0.21185
23.031,0.97513,209.09,0.11769,0.49571,0.49712,0.15834,0.276,4.2686e-4,0,0,0,0,0.21452
23.081,0.92159,209.25,0.1175,0.49571,0.49698,0.14925,0.2475,-1.5011e-4,0,0,0,0,0.21714
23.131,0.86697,209.42,0.11733,0.49572,0.49684,0.14002,0.21759,-4.0795e-4,0,0,0,0,0.21953
23.181,0.81065,209.59,0.11705,0.49572,0.4967,0.13056,0.18741,-4.7327e-4,0,0,0,0,0.22206
23.231,0.757,209.75,0.11732,0.49572,0.49657,0.1216,0.16063,-1.3299e-4,0,0,0,0,0.22234
23.281,0.69773,209.93,0.11768,0.49571,0.49644,0.11174,0.13098,2.644e-4,0,0,0,0,0.22207
23.331,0.63549,210.12,0.11771,0.49571,0.49632,0.10146,0.099353,-1.0427e-4,0,0,0,0,0.22283
23.381,0.57619,210.3,0.11745,0.49571,0.49621,0.091719,0.068097,6.0527e-6,0,0,0,0,0.22442
23.431,0.516,210.49,0.11737,0.49571,0.49612,0.081889,0.036677,-3.7079e-4,0,0,0,0,0.22514
23.481,0.46302,210.65,0.11706,0.49572,0.49605,0.073284,0.0085609,4.5641e-4,0,0,0,0,0.22649
23.531,0.40561,210.83,0.11701,0.49572,0.49597,0.064011,-0.020016,8.5959e-5,0,0,0,0,0.22664
23.581,0.32667,211.08,0.11754,0.49571,0.49587,0.051347,-0.057505,1.1249e-4,0,0,0,0,0.22431
23.631,0.25201,211.32,0.11788,0.4957,0.4958,0.039462,-0.094091,-2.1025e-4,0,0,0,0,0.22246
23.681,0.19015,211.52,0.11794,0.4957,0.49576,0.029681,-0.12408,2.3465e-4,0,0,0,0,0.22143
23.731,0.10366,211.8,0.11845,0.49569,0.49571,0.016109,-0.16575,3.9474e-4,0,0,0,0,0.21844
23.781,0.049637,211.97,0.11842,0.49569,0.4957,0.0076923,-0.19199,1.4919e-4,0,0,0,0,0.21707
23.831,0.0022982,212.13,0.11836,0.49569,0.49569,3.5529e-4,-0.066304,-0.1486,0,0,0,0,0.067641
23.881,0.04912,211.97,0.11838,0.49569,0.4957,0.007612,0.23934,-6.1677e-4,0,0,0,0,-0.21407
23.931,0.11418,211.76,0.11863,0.49569,0.49571,0.017753,0.27036,-3.8299e-4,0,0,0,0,-0.21191
23.981,0.15285,211.64,0.11861,0.49569,0.49572,0.023813,0.28841,2.3326e-4,0,0,0,0,-0.20994
24.031,0.20967,211.45,0.11884,0.49568,0.49575,0.032762,0.314,-4.0002e-6,0,0,0,0,-0.20704
24.081,0.28426,211.22,0.11928,0.49568,0.4958,0.044587,0.34833,2.5391e-4,0,0,0,0,-0.20316
24.131,0.30814,211.14,0.11925,0.49568,0.49582,0.04839,0.35807,-3.1014e-4,0,0,0,0,-0.20065
24.181,0.31393,211.12,0.11913,0.49568,0.49583,0.049315,0.35872,-4.7143e-4,0,0,0,0,-0.19848
24.231,0.39186,210.88,0.11968,0.49567,0.4959,0.061801,0.39366,3.2032e-4,0,0,0,0,-0.19407
24.281,0.4756,210.62,0.1203,0.49566,0.496,0.075328,0.4313,3.7939e-4,0,0,0,0,-0.18918
24.331,0.54885,210.39,0.12084,0.49565,0.4961,0.087253,0.46269,-5.102e-4,0,0,0,0,-0.18438
24.381,0.63456,210.13,0.12149,0.49564,0.49624,0.10132,0.50031,-2.3687e-4,0,0,0,0,-0.17907
24.431,0.68896,209.96,0.12194,0.49563,0.49634,0.1103,0.52291,-3.2345e-4,0,0,0,0,-0.17421
24.481,0.69542,209.94,0.12209,0.49563,0.49635,0.11137,0.52201,2.4636e-4,0,0,0,0,-0.1702
24.531,0.7008,209.92,0.12229,0.49562,0.49636,0.11226,0.52083,-4.8893e-4,0,0,0,0,-0.16614
24.581,0.72366,209.85,0.12265,0.49562,0.4964,0.11606,0.5279,-1.8853e-4,0,0,0,0,-0.16169
24.631,0.78487,209.67,0.12328,0.49561,0.49653,0.12626,0.5532,-3.9943e-4,0,0,0,0,-0.15651
24.681,0.80008,209.62,0.12366,0.4956,0.49656,0.12881,0.55634,-2.5624e-4,0,0,0,0,-0.15188
24.731,0.82303,209.56,0.12412,0.49559,0.4966,0.13265,0.56253,-4.5157e-4,0,0,0,0,-0.14718
24.781,0.85597,209.46,0.12467,0.49558,0.49668,0.13819,0.57434,-3.241e-5,0,0,0,0,-0.14225
24.831,0.85619,209.46,0.12508,0.49558,0.49667,0.13823,0.56972,-2.7409e-4,0,0,0,0,-0.13772
24.881,0.86881,209.42,0.12558,0.49557,0.4967,0.14036,0.57201,3.3171e-4,0,0,0,0,-0.1331
24.931,0.94895,209.18,0.12647,0.49556,0.4969,0.15391,0.60588,1.9377e-4,0,0,0,0,-0.12768
24.981,0.97327,209.11,0.12709,0.49555,0.49696,0.15805,0.61331,3.2062e-4,0,0,0,0,-0.1227
25.031,0.94196,209.2,0.12747,0.49554,0.49686,0.15273,0.59293,3.262e-4,0,0,0,0,-0.11838
25.081,0.92322,209.26,0.12795,0.49554,0.49681,0.14955,0.58014,-2.9154e-4,0,0,0,0,-0.11408
25.131,0.97373,209.11,0.12879,0.49553,0.49693,0.15813,0.60033,-3.7167e-4,0,0,0,0,-0.10924
25.181,0.92743,209.25,0.1292,0.49552,0.4968,0.15027,0.57246,-3.3917e-4,0,0,0,0,-0.10513
25.231,0.7951,209.65,0.12926,0.49552,0.49647,0.12799,0.50355,2.4014e-4,0,0,0,0,-0.10201
25.281,0.75342,209.77,0.12976,0.49551,0.49636,0.12103,0.48012,-2.2813e-4,0,0,0,0,-0.098562
25.331,0.72716,209.85,0.13035,0.49551,0.4963,0.11666,0.4627,-3.652e-4,0,0,0,0,-0.095078
25.381,0.67978,210,0.13087,0.4955,0.4962,0.1088,0.43647,-4.5462e-4,0,0,0,0,-0.091906
25.431,0.70233,209.93,0.1317,0.49549,0.49623,0.11254,0.44383,6.8046e-6,0,0,0,0,-0.088458
25.481,0.676,210.01,0.13234,0.49549,0.49617,0.10818,0.42738,-1.8353e-4,0,0,0,0,-0.085268
25.531,0.6107,210.21,0.13285,0.49548,0.49604,0.097412,0.39255,-1.4691e-4,0,0,0,0,-0.082506
25.581,0.58426,210.29,0.13353,0.49547,0.49599,0.093072,0.37664,-3.8368e-4,0,0,0,0,-0.079726
25.631,0.6675,210.04,0.13464,0.49546,0.49613,0.10678,0.41504,2.4275e-4,0,0,0,0,-0.076475
25.681,0.6532,210.08,0.13538,0.49546,0.4961,0.10442,0.40516,-2.6308e-5,0,0,0,0,-0.073516
25.731,0.69609,209.96,0.13636,0.49545,0.49618,0.11152,0.42358,2.8423e-4,0,0,0,0,-0.070517
25.781,0.63695,210.14,0.13697,0.49545,0.49606,0.10174,0.39134,1.6838e-4,0,0,0,0,-0.067823
25.831,0.62983,210.16,0.13778,0.49544,0.49604,0.10057,0.38525,2.7795e-4,0,0,0,0,-0.065257
25.881,0.67708,210.02,0.1388,0.49543,0.49612,0.10837,0.40518,-8.8727e-5,0,0,0,0,-0.062421
25.931,0.67956,210.01,0.13968,0.49543,0.49612,0.10879,0.4038,5.8751e-5,0,0,0,0,-0.059759
25.981,0.70576,209.93,0.14065,0.49542,0.49617,0.11313,0.41462,-2.0601e-5,0,0,0,0,-0.057087
26.031,0.75113,209.79,0.1417,0.49542,0.49626,0.12068,0.43504,4.0427e-5,0,0,0,0,-0.054341
26.081,0.7568,209.78,0.14263,0.49541,0.49627,0.12163,0.43495,-2.1695e-4,0,0,0,0,-0.051704
26.131,0.78793,209.69,0.14366,0.49541,0.49634,0.12683,0.44772,4.3977e-4,0,0,0,0,-0.049081
26.181,0.71535,209.91,0.14436,0.49541,0.49618,0.11474,0.40931,3.7976e-4,0,0,0,0,-0.04673
26.231,0.53819,210.45,0.14472,0.49541,0.49584,0.085558,0.31887,1.9823e-4,0,0,0,0,-0.044962
26.281,0.5175,210.52,0.14562,0.4954,0.49581,0.082185,0.30639,4.261e-4,0,0,0,0,-0.0432
26.331,0.55282,210.41,0.14671,0.4954,0.49586,0.087953,0.32216,8.8423e-5,0,0,0,0,-0.041273
26.381,0.4776,210.64,0.14745,0.4954,0.49575,0.0757,0.28283,-4.2882e-4,0,0,0,0,-0.039619
26.431,0.34509,211.06,0.14802,0.4954,0.49558,0.054331,0.21441,-4.7232e-4,0,0,0,0,-0.038333
26.481,0.14324,211.7,0.14838,0.4954,0.49543,0.022321,0.11049,-2.0151e-4,0,0,0,0,-0.037485
26.531,0.042932,212.03,0.14879,0.4954,0.4954,0.0066555,-0.014584,-4.4305e-4,0,0,0,0,0.037049
26.581,0.19415,211.54,0.14931,0.4954,0.49546,0.030333,0.062529,1.9354e-4,0,0,0,0,0.036884
26.631,0.23774,211.4,0.15015,0.4954,0.49548,0.037227,0.084576,-4.4368e-4,0,0,0,0,0.0368
26.681,0.23938,211.4,0.15109,0.4954,0.49549,0.037488,0.085353,-3.214e-4,0,0,0,0,0.036661
26.731,0.31383,211.16,0.15181,0.4954,0.49555,0.049335,0.1241,7.8495e-5,0,0,0,0,0.036699
26.781,0.38491,210.94,0.15252,0.4954,0.49563,0.060729,0.15916,1.6124e-4,0,0,0,0,0.03693
26.831,0.35651,211.03,0.1535,0.4954,0.4956,0.05617,0.14451,4.5349e-4,0,0,0,0,0.037089
26.881,0.31337,211.17,0.1545,0.4954,0.49555,0.049265,0.12293,-3.7353e-4,0,0,0,0,0.037126
26.931,0.21488,211.48,0.15565,0.49541,0.49548,0.033613,0.072756,-4.8133e-4,0,0,0,0,0.036989
26.981,0.082349,211.91,0.15688,0.49541,0.49542,0.012795,0.0059766,-4.4182e-4,0,0,0,0,0.036421
27.031,0.033723,212.07,0.15805,0.49542,0.49542,0.0052267,0.052379,-8.5932e-4,0,0,0,0,-0.034936
27.081,0.061177,211.99,0.15898,0.49542,0.49543,0.0094955,0.066685,-1.7276e-4,0,0,0,0,-0.034918
27.131,0.007393,212.16,0.15964,0.49542,0.49542,0.0011443,-0.0035452,-0.027516,0,0,0,0,0.0075166
27.181,0.14627,211.71,0.16089,0.49543,0.49546,0.022804,0.10967,-2.9462e-4,0,0,0,0,-0.034218
27.231,0.2582,211.36,0.16204,0.49544,0.49554,0.040487,0.16549,-2.8176e-4,0,0,0,0,-0.033155
27.281,0.41843,210.85,0.16332,0.49545,0.49571,0.066151,0.24526,2.1283e-4,0,0,0,0,-0.031897
27.331,0.55259,210.44,0.16455,0.49545,0.49592,0.087956,0.31114,-2.1006e-5,0,0,0,0,-0.030291
27.381,0.64134,210.16,0.16567,0.49546,0.49608,0.10254,0.35481,4.349e-4,0,0,0,0,-0.02862
27.431,0.66541,210.09,0.16663,0.49547,0.49614,0.10652,0.36486,6.3828e-5,0,0,0,0,-0.026913
27.481,0.71778,209.93,0.16768,0.49548,0.49625,0.11521,0.38904,-1.8768e-4,0,0,0,0,-0.025227
27.531,0.68424,210.04,0.16853,0.49549,0.49619,0.10964,0.37089,-3.3212e-4,0,0,0,0,-0.023574
27.581,0.68959,210.02,0.16951,0.4955,0.49621,0.11053,0.37254,-1.0009e-4,0,0,0,0,-0.022061
27.631,0.77141,209.78,0.17071,0.49551,0.4964,0.12416,0.41117,-3.2227e-4,0,0,0,0,-0.020442
27.681,0.81772,209.64,0.17183,0.49552,0.49652,0.13192,0.43305,4.5292e-5,0,0,0,0,-0.018791
27.731,0.75833,209.82,0.17271,0.49553,0.49639,0.12198,0.40151,4.739e-4,0,0,0,0,-0.017266
27.781,0.64148,210.18,0.17346,0.49554,0.49616,0.10259,0.34174,4.6337e-4,0,0,0,0,-0.015989
27.831,0.51323,210.57,0.17421,0.49555,0.49594,0.081552,0.27619,-8.3946e-5,0,0,0,0,-0.014944
27.881,0.34351,211.11,0.17486,0.49555,0.49573,0.054118,0.18975,2.5599e-4,0,0,0,0,-0.014154
27.931,0.34612,211.1,0.17596,0.49557,0.49575,0.054538,0.19044,-4.8312e-4,0,0,0,0,-0.013502
27.981,0.45718,210.75,0.17733,0.49559,0.4959,0.072447,0.24606,-1.3204e-4,0,0,0,0,-0.012694
28.031,0.51009,210.59,0.17858,0.4956,0.496,0.08105,0.27163,3.0639e-4,0,0,0,0,-0.011812
28.081,0.53696,210.51,0.17977,0.49562,0.49606,0.085438,0.28431,4.8353e-4,0,0,0,0,-0.010936
28.131,0.5019,210.62,0.18083,0.49563,0.49602,0.079721,0.26615,-1.1034e-4,0,0,0,0,-0.010102
28.181,0.44715,210.79,0.18185,0.49565,0.49595,0.070831,0.23788,-1.2981e-4,0,0,0,0,-0.0093815
28.231,0.4692,210.73,0.18307,0.49567,0.496,0.074411,0.24828,1.955e-4,0,0,0,0,-0.0087005
28.281,0.43997,210.82,0.18418,0.49569,0.49598,0.069675,0.23313,1.5767e-4,0,0,0,0,-0.0080267
28.331,0.32651,211.18,0.18509,0.4957,0.49586,0.051412,0.17475,4.1592e-4,0,0,0,0,-0.0074892
28.381,0.26781,211.37,0.18615,0.49572,0.49583,0.042045,0.14429,6.2905e-5,0,0,0,0,-0.0070763
28.431,0.20705,211.56,0.1872,0.49574,0.4958,0.032405,0.11271,-3.6223e-4,0,0,0,0,-0.0067144
28.481,0.095551,211.92,0.18813,0.49575,0.49577,0.01487,0.056004,6.4578e-5,0,0,0,0,-0.0064536
28.531,0.042439,212.1,0.18921,0.49577,0.49578,0.0065867,0.028452,-2.5692e-4,0,0,0,0,-0.0062393
28.581,0.054734,212.06,0.19043,0.4958,0.4958,0.0085007,0.034579,-9.8886e-6,0,0,0,0,-0.0061349
28.631,0.022668,212.17,0.19144,0.49581,0.49582,0.0035148,0.0056548,-2.312e-4,0,0,0,0,0.0058147
28.681,0.13807,211.79,0.19235,0.49583,0.49586,0.021536,0.065241,4.6396e-4,0,0,0,0,0.0060846
28.731,0.16292,211.71,0.19346,0.49585,0.4959,0.025447,0.077032,1.7663e-4,0,0,0,0,0.0061785
28.781,0.2139,211.55,0.1945,0.49588,0.49595,0.033498,0.10349,2.2744e-4,0,0,0,0,0.0062872
28.831,0.24388,211.46,0.19557,0.4959,0.49599,0.038252,0.11847,-5.8226e-5,0,0,0,0,0.0064679
28.881,0.29455,211.3,0.19658,0.49592,0.49605,0.046321,0.14453,-3.2081e-4,0,0,0,0,0.0066735
28.931,0.32326,211.21,0.19762,0.49594,0.4961,0.050913,0.15823,3.7901e-5,0,0,0,0,0.0069515
28.981,0.37723,211.04,0.19858,0.49596,0.49618,0.059577,0.18604,4.4874e-4,0,0,0,0,0.0072616
29.031,0.42905,210.88,0.19953,0.49598,0.49626,0.067941,0.21163,-1.13e-4,0,0,0,0,0.0076679
29.081,0.43696,210.86,0.20056,0.49601,0.4963,0.069225,0.21492,-3.2716e-4,0,0,0,0,0.0081117
29.131,0.34205,211.16,0.20179,0.49603,0.49621,0.053931,0.16631,-4.1667e-4,0,0,0,0,0.0085121
29.181,0.26712,211.4,0.20296,0.49606,0.49617,0.041957,0.12803,-2.5143e-4,0,0,0,0,0.0087726
29.231,0.25461,211.44,0.20398,0.49609,0.49619,0.039969,0.12206,5.5178e-5,0,0,0,0,0.0090073
29.281,0.21067,211.58,0.20505,0.49611,0.49618,0.032998,0.09936,2.8404e-5,0,0,0,0,0.0092175
29.331,0.092926,211.96,0.20628,0.49614,0.49616,0.014469,0.038436,4.1133e-4,0,0,0,0,0.009299
29.381,0.024938,212.19,0.20739,0.49617,0.49617,0.0038694,0.0035082,-1.967e-4,0,0,0,0,0.0090853
29.431,0.076601,212.02,0.20857,0.4962,0.49621,0.011918,0.048949,9.5297e-6,0,0,0,0,-0.0091053
29.481,0.26267,211.43,0.20995,0.49624,0.49634,0.04126,0.14403,1.5945e-4,0,0,0,0,-0.0087529
29.531,0.27717,211.38,0.21095,0.49626,0.49638,0.043571,0.15088,-3.0714e-4,0,0,0,0,-0.0082268
29.581,0.27932,211.38,0.21194,0.49629,0.49641,0.043915,0.15081,-6.6905e-5,0,0,0,0,-0.0077858
29.631,0.33424,211.21,0.21305,0.49632,0.49649,0.052699,0.1788,-3.6358e-4,0,0,0,0,-0.0072854
29.681,0.45271,210.84,0.21432,0.49636,0.49667,0.071811,0.2383,-2.5835e-4,0,0,0,0,-0.0067055
29.731,0.53143,210.59,0.21553,0.49639,0.49682,0.084637,0.27796,-4.1043e-4,0,0,0,0,-0.0060059
29.781,0.56128,210.5,0.21665,0.49642,0.4969,0.089529,0.2916,9.7631e-5,0,0,0,0,-0.0053094
29.831,0.51434,210.65,0.21763,0.49645,0.49685,0.081851,0.26746,-3.8763e-4,0,0,0,0,-0.0046571
29.881,0.49326,210.72,0.21869,0.49648,0.49685,0.078416,0.25597,4.1423e-4,0,0,0,0,-0.0041077
29.931,0.58684,210.43,0.22002,0.49652,0.49704,0.093737,0.30361,9.6034e-5,0,0,0,0,-0.0035508
29.981,0.58486,210.44,0.22117,0.49656,0.49707,0.093415,0.30142,2.8841e-4,0,0,0,0,-0.0029668
30.031,0.52906,210.61,0.22223,0.49659,0.49701,0.084271,0.27286,4.547e-4,0,0,0,0,-0.0024866
30.081,0.53,210.61,0.22343,0.49663,0.49705,0.084427,0.27317,-2.7228e-4,0,0,0,0,-0.0020672
30.131,0.41317,210.98,0.22441,0.49666,0.49692,0.065433,0.21369,1.1264e-5,0,0,0,0,-0.0017049
30.181,0.3718,211.11,0.22556,0.4967,0.49691,0.058761,0.19217,-1.8096e-4,0,0,0,0,-0.001458
30.231,0.33965,211.22,0.22675,0.49673,0.49691,0.053595,0.1753,-4.2638e-4,0,0,0,0,-0.0012237
30.281,0.24732,211.51,0.22783,0.49677,0.49686,0.038845,0.12854,3.3802e-4,0,0,0,0,-0.0010509
30.331,0.18522,211.71,0.22897,0.49681,0.49686,0.029001,0.095894,2.0266e-4,0,0,0,0,-9.3263e-4
30.381,0.11008,211.96,0.23009,0.49684,0.49686,0.01717,0.057583,-1.9953e-4,0,0,0,0,-8.4762e-4
30.431,0.058023,212.13,0.23127,0.49688,0.49689,0.0090265,0.030588,-3.2705e-4,0,0,0,0,-8.0135e-4
30.481,0.059451,212.13,0.23255,0.49693,0.49693,0.0092499,0.031475,4.5509e-4,0,0,0,0,-7.6709e-4
30.531,0.023817,212.25,0.23365,0.49697,0.49697,0.003699,0.011118,1.2728e-4,0,0,0,0,7.3162e-4
30.581,0.10869,211.97,0.23474,0.49701,0.49702,0.016955,0.055583,-2.8849e-4,0,0,0,0,7.7133e-4
30.631,0.16499,211.79,0.23588,0.49705,0.49709,0.025814,0.084416,3.7516e-4,0,0,0,0,8.2768e-4
30.681,0.24112,211.55,0.23696,0.49709,0.49717,0.037872,0.12366,-4.7061e-4,0,0,0,0,9.1871e-4
30.731,0.27998,211.43,0.2381,0.49713,0.49725,0.044066,0.14253,-4.6984e-4,0,0,0,0,0.0010521
30.781,0.31824,211.31,0.23922,0.49717,0.49732,0.050187,0.16236,2.2167e-4,0,0,0,0,0.0012079
30.831,0.44769,210.91,0.24013,0.4972,0.49751,0.071067,0.22869,1.2279e-4,0,0,0,0,0.0014242
30.881,0.46191,210.87,0.24124,0.49724,0.49757,0.073382,0.23506,2.1786e-4,0,0,0,0,0.0017385
30.931,0.45044,210.9,0.24237,0.49729,0.49759,0.071522,0.22857,-4.2514e-4,0,0,0,0,0.0020494
30.981,0.4924,210.78,0.24336,0.49732,0.49769,0.078351,0.25019,2.6346e-4,0,0,0,0,0.0024107
31.031,0.44367,210.93,0.24451,0.49737,0.49767,0.070429,0.22516,2.9548e-4,0,0,0,0,0.0028145
31.081,0.34561,211.24,0.24572,0.49741,0.4976,0.054594,0.17501,-4.3935e-4,0,0,0,0,0.0031547
31.131,0.33705,211.27,0.24673,0.49745,0.49763,0.053221,0.17031,-1.9878e-5,0,0,0,0,0.0034496
31.181,0.30114,211.39,0.24778,0.4975,0.49763,0.047466,0.15149,3.5051e-4,0,0,0,0,0.0037675
31.231,0.20742,211.69,0.24892,0.49754,0.49761,0.032539,0.10263,-3.9906e-4,0,0,0,0,0.0040078
31.281,0.16042,211.84,0.24995,0.49758,0.49762,0.025107,0.078799,4.363e-4,0,0,0,0,0.0041626
31.331,0.18892,211.75,0.25081,0.49762,0.49767,0.029612,0.092741,-4.1067e-4,0,0,0,0,0.0043181
31.381,0.20982,211.69,0.25168,0.49765,0.49772,0.032925,0.10352,1.5105e-4,0,0,0,0,0.0045242
31.431,0.083845,212.1,0.25283,0.4977,0.49771,0.013073,0.038608,-2.9514e-4,0,0,0,0,0.0046785
31.481,0.12346,211.97,0.25414,0.49775,0.49778,0.01929,0.068727,2.5856e-4,0,0,0,0,-0.0045988
31.531,0.23068,211.63,0.25526,0.4978,0.49788,0.036242,0.12325,1.2001e-4,0,0,0,0,-0.0043079
31.581,0.35744,211.23,0.25643,0.49785,0.49805,0.056522,0.18815,3.108e-4,0,0,0,0,-0.0039324
31.631,0.48133,210.84,0.25762,0.4979,0.49826,0.076594,0.25015,1.3497e-4,0,0,0,0,-0.0034103
31.681,0.56123,210.6,0.25876,0.49795,0.49843,0.089674,0.29079,-7.7009e-5,0,0,0,0,-0.0028347
31.731,0.57902,210.55,0.25981,0.498,0.49851,0.092601,0.29919,1.6711e-4,0,0,0,0,-0.0022646
31.781,0.5419,210.66,0.26078,0.49804,0.49849,0.086509,0.27941,-4.8144e-4,0,0,0,0,-0.0017726
31.831,0.48466,210.84,0.26175,0.49808,0.49844,0.077151,0.25016,3.6973e-4,0,0,0,0,-0.001376
31.881,0.50496,210.78,0.2629,0.49813,0.49852,0.080469,0.26005,-6.0562e-6,0,0,0,0,-0.0010499
31.931,0.51491,210.76,0.26407,0.49819,0.49859,0.082101,0.26474,4.6565e-4,0,0,0,0,-7.458e-4
31.981,0.46767,210.91,0.26515,0.49824,0.49857,0.074396,0.24119,-1.6649e-4,0,0,0,0,-5.0521e-4
32.031,0.39247,211.14,0.2662,0.49828,0.49852,0.0622,0.20224,2.6923e-4,0,0,0,0,-3.3252e-4
32.081,0.33179,211.34,0.26731,0.49833,0.4985,0.052424,0.17087,1.6459e-4,0,0,0,0,-2.165e-4
32.131,0.26991,211.54,0.26843,0.49839,0.4985,0.042516,0.13918,3.9955e-4,0,0,0,0,-1.3706e-4
32.181,0.17802,211.83,0.26951,0.49844,0.49849,0.027912,0.091655,2.5386e-4,0,0,0,0,-8.9143e-5
32.231,0.18358,211.82,0.27079,0.4985,0.49855,0.028794,0.094763,-3.15e-4,0,0,0,0,-6.1486e-5
32.281,0.0876,212.13,0.27187,0.49855,0.49856,0.013673,0.045385,-5.4904e-5,0,0,0,0,-3.7845e-5
32.331,0.068687,212.19,0.27284,0.49859,0.4986,0.010711,0.036004,-2.4077e-4,0,0,0,0,3.7397e-5
32.381,0.15843,211.91,0.27392,0.49865,0.49869,0.02482,0.081529,-4.6169e-4,0,0,0,0,5.3406e-5
32.431,0.15852,211.91,0.27516,0.49871,0.49875,0.024837,0.081509,3.4853e-4,0,0,0,0,8.0561e-5
32.481,0.14917,211.94,0.27641,0.49877,0.4988,0.023362,0.077465,-3.8949e-4,0,0,0,0,1.0854e-4
32.531,0.10548,212.09,0.27771,0.49883,0.49885,0.016484,0.054847,-2.4931e-4,0,0,0,0,1.3809e-4
32.581,0.035148,212.32,0.27905,0.4989,0.4989,0.0054731,0.01792,2.7753e-4,0,0,0,0,1.5369e-4
32.631,0.084686,212.16,0.28015,0.49895,0.49897,0.013221,0.044117,5.1031e-6,0,0,0,0,1.6183e-4
32.681,0.26946,211.57,0.28097,0.499,0.49911,0.042469,0.13916,3.9733e-4,0,0,0,0,2.0617e-4
32.731,0.38927,211.19,0.28188,0.49904,0.49927,0.061728,0.20065,2.5442e-4,0,0,0,0,3.2014e-4
32.781,0.46604,210.96,0.28285,0.49909,0.49942,0.074191,0.23982,2.1521e-4,0,0,0,0,4.9135e-4
32.831,0.47918,210.92,0.28389,0.49914,0.49949,0.076338,0.24611,-2.0242e-4,0,0,0,0,7.3368e-4
32.881,0.44763,211.02,0.28498,0.4992,0.49951,0.071203,0.22995,-5.0417e-5,0,0,0,0,0.0010083
32.931,0.34864,211.33,0.28617,0.49926,0.49945,0.055184,0.17857,3.3414e-4,0,0,0,0,0.001287
32.981,0.2833,211.54,0.28726,0.49932,0.49944,0.044695,0.1453,-1.8023e-4,0,0,0,0,0.0015101
33.031,0.21152,211.78,0.28833,0.49937,0.49944,0.033251,0.10803,-9.9861e-5,0,0,0,0,0.0017128
33.081,0.1169,212.08,0.28944,0.49943,0.49945,0.018289,0.058789,1.4836e-5,0,0,0,0,0.0018413
33.131,0.047658,212.31,0.29048,0.49949,0.49949,0.0074302,0.022452,-6.4858e-6,0,0,0,0,0.0018949
33.181,0.011048,212.43,0.2915,0.49954,0.49954,0.0017193,0.0073134,7.0472e-5,0,0,0,0,-0.0018621
33.231,0.0079854,212.45,0.2924,0.49959,0.49959,0.0012426,0.0055911,3.4617e-4,0,0,0,0,-0.0018054
33.281,0.01511,212.42,0.29332,0.49964,0.49964,0.0023522,0.009551,3.8019e-4,0,0,0,0,-0.0018334
33.331,0.071866,212.24,0.29433,0.4997,0.4997,0.011221,0.038816,1.9503e-4,0,0,0,0,-0.0017931
33.381,0.13813,212.03,0.29537,0.49975,0.49978,0.021641,0.073797,-2.9693e-4,0,0,0,0,-0.0016823
33.431,0.24245,211.7,0.29649,0.49981,0.49991,0.03819,0.12712,4.427e-4,0,0,0,0,-0.0015084
33.481,0.31717,211.47,0.29758,0.49987,0.50003,0.050151,0.16541,1.2534e-4,0,0,0,0,-0.0012598
33.531,0.28316,211.58,0.29848,0.49992,0.50005,0.044698,0.14735,9.9548e-5,0,0,0,0,-0.0010182
33.581,0.28586,211.57,0.29948,0.49998,0.50011,0.045134,0.14873,1.8249e-4,0,0,0,0,-8.3134e-4
33.631,0.2756,211.61,0.30047,0.50004,0.50015,0.043494,0.14295,-4.0804e-4,0,0,0,0,-6.4945e-4
33.681,0.19408,211.87,0.30135,0.50009,0.50014,0.030504,0.10071,-4.8282e-5,0,0,0,0,-5.1574e-4
33.731,0.16656,211.96,0.30235,0.50014,0.50018,0.026143,0.087248,-4.0735e-4,0,0,0,0,-4.3176e-4
33.781,0.17962,211.92,0.30343,0.5002,0.50025,0.028212,0.093514,-3.7732e-4,0,0,0,0,-3.5136e-4
33.831,0.21328,211.82,0.30456,0.50027,0.50034,0.03356,0.11039,4.8793e-4,0,0,0,0,-2.7257e-4
33.881,0.18579,211.91,0.3056,0.50033,0.50038,0.029195,0.096449,-2.2503e-6,0,0,0,0,-1.9695e-4
33.931,0.1074,212.16,0.30655,0.50038,0.5004,0.01681,0.055898,3.6388e-5,0,0,0,0,-1.5166e-4
33.981,0.063618,212.31,0.30757,0.50044,0.50045,0.0099355,0.033523,4.3384e-4,0,0,0,0,-1.2971e-4
34.031,0.070426,212.29,0.30868,0.50051,0.50052,0.011003,0.036904,-2.8142e-4,0,0,0,0,-1.132e-4
34.081,0.043476,212.38,0.30974,0.50057,0.50057,0.0067837,0.022972,-2.7483e-4,0,0,0,0,-9.6709e-5
34.131,0.014375,212.48,0.31079,0.50063,0.50063,0.0022398,0.0074189,2.7864e-4,0,0,0,0,-9.053e-5
34.181,0.064591,212.32,0.31175,0.50069,0.5007,0.01009,0.033873,4.2811e-4,0,0,0,0,9.2907e-5
34.231,0.1639,212,0.31266,0.50074,0.50079,0.025736,0.085414,-4.4139e-5,0,0,0,0,1.2047e-4
34.281,0.19454,211.9,0.31367,0.50081,0.50086,0.030596,0.10121,1.2709e-4,0,0,0,0,1.7309e-4
34.331,0.18673,211.93,0.31473,0.50087,0.50092,0.029359,0.096767,-8.8886e-5,0,0,0,0,2.3553e-4
34.381,0.13764,212.09,0.31584,0.50094,0.50097,0.021587,0.071442,1.4154e-4,0,0,0,0,2.9839e-4
34.431,0.21131,211.86,0.31671,0.50099,0.50106,0.033267,0.10937,3.399e-4,0,0,0,0,3.5879e-4
34.481,0.31873,211.52,0.3175,0.50104,0.50119,0.050456,0.16496,1.7495e-4,0,0,0,0,4.8982e-4
34.531,0.3649,211.38,0.31836,0.50109,0.5013,0.057903,0.18867,-2.1943e-4,0,0,0,0,6.8507e-4
34.581,0.30547,211.57,0.31938,0.50115,0.5013,0.04833,0.15717,4.0476e-4,0,0,0,0,9.1571e-4
34.631,0.17974,211.97,0.32048,0.50122,0.50127,0.028258,0.091901,1.1232e-4,0,0,0,0,0.0010926
34.681,0.029186,212.46,0.32161,0.50129,0.50129,0.0045536,0.01376,-4.8642e-4,0,0,0,0,0.0011689
34.731,0.11752,212.18,0.32273,0.50136,0.50138,0.01842,0.06212,-2.5498e-4,0,0,0,0,-0.0011208
34.781,0.24786,211.76,0.32384,0.50143,0.50153,0.039111,0.12975,1.6447e-4,0,0,0,0,-9.6771e-4
34.831,0.22075,211.85,0.32469,0.50149,0.50156,0.034786,0.11593,-4.9973e-4,0,0,0,0,-7.7248e-4
34.881,0.2599,211.73,0.32568,0.50155,0.50165,0.04104,0.13574,4.1037e-4,0,0,0,0,-6.3196e-4
34.931,0.28764,211.65,0.32667,0.50161,0.50174,0.045487,0.14934,-3.1608e-4,0,0,0,0,-4.6042e-4
34.981,0.34441,211.47,0.32774,0.50168,0.50186,0.054624,0.17856,-4.4521e-4,0,0,0,0,-3.1409e-4
35.031,0.31128,211.58,0.32868,0.50174,0.50189,0.04929,0.16183,-1.4989e-4,0,0,0,0,-1.7655e-4
35.081,0.21626,211.88,0.32954,0.5018,0.50187,0.034081,0.11245,-5.3515e-5,0,0,0,0,-1.0105e-4
35.131,0.10843,212.23,0.33039,0.50185,0.50187,0.016995,0.056677,-2.4344e-4,0,0,0,0,-6.3042e-5
35.181,0.084586,212.31,0.3314,0.50192,0.50193,0.013242,0.043685,2.1852e-4,0,0,0,0,-4.8415e-5
35.231,0.035071,212.48,0.33236,0.50198,0.50198,0.0054769,0.018782,1.1348e-5,0,0,0,0,-3.5695e-5
35.281,0.0075348,212.57,0.33334,0.50204,0.50204,0.0011751,0.0037671,4.684e-4,0,0,0,0,3.4904e-5
35.331,0.033012,212.49,0.33434,0.50211,0.50211,0.0051554,0.017626,-8.902e-5,0,0,0,0,3.7381e-5
35.381,0.012013,212.56,0.33541,0.50218,0.50218,0.0018742,0.0066567,-1.2158e-4,0,0,0,0,4.2454e-5
35.431,0.0050543,212.59,0.33645,0.50225,0.50225,7.883e-4,0.0026476,-2.978e-5,0,0,0,0,4.2093e-5
35.481,0.094788,212.3,0.33733,0.50231,0.50232,0.014852,0.049072,2.8052e-4,0,0,0,0,4.8116e-5
35.531,0.15485,212.11,0.33823,0.50237,0.50241,0.024339,0.081148,-3.5729e-4,0,0,0,0,7.552e-5
35.581,0.20536,211.95,0.33913,0.50243,0.5025,0.032363,0.10733,1.5845e-4,0,0,0,0,1.1864e-4
35.631,0.23393,211.86,0.34004,0.50249,0.50258,0.036921,0.12133,-2.663e-4,0,0,0,0,1.9018e-4
35.681,0.22271,211.9,0.341,0.50256,0.50263,0.035133,0.11576,-4.0573e-4,0,0,0,0,2.7984e-4
35.731,0.21795,211.92,0.34191,0.50262,0.50269,0.034376,0.11275,3.5688e-6,0,0,0,0,3.7972e-4
35.781,0.17578,212.06,0.34286,0.50268,0.50273,0.027666,0.091472,-3.4479e-4,0,0,0,0,4.8843e-4
35.831,0.11173,212.27,0.34383,0.50275,0.50277,0.01753,0.057757,4.6316e-4,0,0,0,0,5.703e-4
35.881,0.089805,212.34,0.34472,0.50281,0.50282,0.014074,0.046223,-2.7793e-4,0,0,0,0,6.2615e-4
35.931,0.017926,212.58,0.34567,0.50288,0.50288,0.0027993,0.0083342,-1.4021e-4,0,0,0,0,6.6673e-4
35.981,0.035547,212.52,0.3466,0.50294,0.50294,0.0055562,0.019163,2.5898e-4,0,0,0,0,-6.4859e-4
36.031,0.077454,212.39,0.3475,0.503,0.50301,0.012133,0.040738,-1.4179e-4,0,0,0,0,-6.1029e-4
36.081,0.17139,212.09,0.34851,0.50307,0.50312,0.026978,0.089496,-4.7512e-4,0,0,0,0,-5.3185e-4
36.131,0.24256,211.86,0.34949,0.50314,0.50324,0.038323,0.12679,4.0398e-4,0,0,0,0,-4.0459e-4
36.181,0.29049,211.72,0.35046,0.50321,0.50334,0.046009,0.15155,-2.7452e-4,0,0,0,0,-2.7219e-4
36.231,0.25345,211.84,0.35131,0.50327,0.50337,0.04007,0.13276,-2.0962e-4,0,0,0,0,-1.5816e-4
36.281,0.27164,211.78,0.35229,0.50334,0.50346,0.042987,0.14117,1.0803e-4,0,0,0,0,-8.6359e-5
36.331,0.25879,211.83,0.35323,0.50341,0.50351,0.04093,0.13504,-9.2385e-5,0,0,0,0,-2.9572e-5
36.381,0.196,212.03,0.35412,0.50347,0.50353,0.030902,0.10248,4.9634e-4,0,0,0,0,-5.5487e-6
36.431,0.16531,212.13,0.35508,0.50354,0.50358,0.026024,0.086706,1.8703e-4,0,0,0,0,0
36.481,0.1715,212.11,0.35612,0.50362,0.50366,0.027008,0.089365,-2.3227e-4,0,0,0,0,5.2211e-6
36.531,0.12738,212.26,0.35709,0.50369,0.50371,0.020017,0.066602,-2.6386e-4,0,0,0,0,2.0213e-5
36.581,0.071623,212.44,0.35805,0.50376,0.50377,0.011224,0.037437,-2.2876e-4,0,0,0,0,3.3412e-5
36.631,0.025506,212.6,0.35903,0.50383,0.50383,0.0039878,0.013749,1.651e-4,0,0,0,0,4.1596e-5
36.681,0.042139,212.55,0.35997,0.5039,0.5039,0.0065943,0.022324,1.8728e-4,0,0,0,0,-4.0504e-5
36.731,0.11631,212.31,0.36088,0.50396,0.50399,0.018272,0.060397,-3.9543e-4,0,0,0,0,-2.7373e-5
36.781,0.1671,212.15,0.36182,0.50403,0.50408,0.02632,0.087105,-1.7126e-4,0,0,0,0,-1.0168e-5
36.831,0.2785,211.8,0.36262,0.50409,0.50421,0.044118,0.1451,4.1493e-4,0,0,0,0,-7.0853e-8
36.881,0.28893,211.77,0.36356,0.50416,0.50429,0.045796,0.15054,-1.1664e-4,0,0,0,0,1.6784e-5
36.931,0.32203,211.66,0.36442,0.50423,0.50439,0.051131,0.16771,8.6963e-5,0,0,0,0,6.5135e-5
36.981,0.38617,211.46,0.36518,0.50428,0.50451,0.061516,0.20069,-4.0232e-4,0,0,0,0,1.7214e-4
37.031,0.35224,211.57,0.36605,0.50435,0.50454,0.056018,0.18334,-1.6604e-4,0,0,0,0,3.4231e-4
37.081,0.29145,211.77,0.36693,0.50441,0.50455,0.046212,0.15154,-9.7721e-5,0,0,0,0,5.2679e-4
37.131,0.20367,212.05,0.36781,0.50448,0.50455,0.032151,0.10537,3.7515e-4,0,0,0,0,7.0259e-4
37.181,0.127,212.3,0.36866,0.50454,0.50457,0.019973,0.066197,4.7846e-4,0,0,0,0,8.2284e-4
37.231,0.08341,212.45,0.36943,0.5046,0.50461,0.013089,0.042411,4.1062e-4,0,0,0,0,9.0493e-4
37.281,0.012009,212.68,0.37023,0.50466,0.50466,0.0018776,0.0054258,-2.3366e-4,0,0,0,0,9.4755e-4
37.331,0.069722,212.5,0.37105,0.50473,0.50473,0.010934,0.03741,2.8759e-4,0,0,0,0,-9.1423e-4
37.381,0.1779,212.15,0.37192,0.50479,0.50484,0.028055,0.094108,4.1435e-4,0,0,0,0,-8.0927e-4
37.431,0.25185,211.92,0.37276,0.50486,0.50496,0.039868,0.1321,3.5807e-4,0,0,0,0,-6.2924e-4
37.481,0.27168,211.86,0.37355,0.50492,0.50503,0.043053,0.14206,-3.2991e-4,0,0,0,0,-4.4735e-4
37.531,0.28645,211.81,0.37435,0.50498,0.50511,0.04543,0.15003,-4.7194e-4,0,0,0,0,-2.9079e-4
37.581,0.25924,211.9,0.37513,0.50504,0.50514,0.04106,0.13544,2.1272e-4,0,0,0,0,-1.6637e-4
37.631,0.25197,211.93,0.37596,0.5051,0.5052,0.039895,0.13232,4.9796e-4,0,0,0,0,-8.5715e-5
37.681,0.24481,211.95,0.37682,0.50517,0.50526,0.03875,0.12793,-7.3416e-5,0,0,0,0,-3.0233e-5
37.731,0.19979,212.1,0.37764,0.50523,0.5053,0.031553,0.1042,1.9456e-4,0,0,0,0,-4.6026e-6
37.781,0.19316,212.13,0.37855,0.50531,0.50536,0.030498,0.10071,1.1639e-4,0,0,0,0,3.8161e-7
37.831,0.19842,212.11,0.3795,0.50538,0.50544,0.031339,0.10354,-1.0571e-4,0,0,0,0,1.2755e-5
37.881,0.091276,212.46,0.38029,0.50544,0.50546,0.014339,0.048205,-3.3628e-4,0,0,0,0,3.6217e-5
37.931,0.034209,212.65,0.38105,0.5055,0.5055,0.0053587,0.017786,-4.6198e-4,0,0,0,0,-3.9797e-5
37.981,0.16315,212.23,0.3818,0.50556,0.5056,0.025727,0.085473,-3.7509e-4,0,0,0,0,-2.4014e-5
38.031,0.2452,211.97,0.38259,0.50562,0.50572,0.038829,0.12813,-2.6285e-4,0,0,0,0,-2.662e-6
38.081,0.25594,211.94,0.38346,0.50569,0.50579,0.040552,0.13374,-2.2952e-4,0,0,0,0,5.0161e-6
38.131,0.31843,211.75,0.38421,0.50575,0.50591,0.050617,0.16608,-2.8851e-5,0,0,0,0,4.0305e-5
38.181,0.36683,211.6,0.38493,0.50581,0.50602,0.058454,0.19123,-4.3419e-4,0,0,0,0,1.3627e-4
38.231,0.36576,211.6,0.38568,0.50587,0.50608,0.058285,0.19067,4.7652e-4,0,0,0,0,2.9696e-4
38.281,0.28602,211.86,0.3865,0.50594,0.50606,0.045397,0.14959,9.3305e-5,0,0,0,0,4.9909e-4
38.331,0.20179,212.13,0.38729,0.506,0.50606,0.031895,0.105,3.2715e-4,0,0,0,0,6.7048e-4
38.381,0.11419,212.41,0.38806,0.50606,0.50608,0.017969,0.059246,4.1595e-4,0,0,0,0,8.0184e-4
38.431,0.029755,212.69,0.38881,0.50612,0.50612,0.0046624,0.014607,2.0608e-4,0,0,0,0,8.5757e-4
38.481,0.090267,212.5,0.38962,0.50619,0.5062,0.014189,0.048575,-1.1772e-4,0,0,0,0,-8.3357e-4
38.531,0.25674,211.97,0.39051,0.50626,0.50636,0.040701,0.13562,3.6859e-4,0,0,0,0,-6.8433e-4
38.581,0.33593,211.72,0.3913,0.50632,0.5065,0.053472,0.1766,-1.2727e-4,0,0,0,0,-4.496e-4
38.631,0.36552,211.63,0.39206,0.50639,0.50659,0.05827,0.19143,2.9692e-4,0,0,0,0,-2.4765e-4
38.681,0.35417,211.67,0.3928,0.50645,0.50664,0.056432,0.18548,4.8746e-4,0,0,0,0,-9.9387e-5
38.731,0.31473,211.79,0.39354,0.50651,0.50666,0.050051,0.16533,-4.5389e-4,0,0,0,0,-2.2394e-5
38.781,0.34472,211.7,0.39443,0.50658,0.50677,0.054906,0.18014,-3.2453e-4,0,0,0,0,4.9482e-8
38.831,0.24869,212.01,0.39517,0.50664,0.50674,0.039422,0.13045,2.8146e-4,0,0,0,0,2.9005e-5
38.881,0.12608,212.41,0.39589,0.5067,0.50673,0.019863,0.06584,3.0522e-4,0,0,0,0,6.5449e-5
38.931,0.016583,212.76,0.39664,0.50676,0.50676,0.0025982,0.0088292,7.2873e-6,0,0,0,0,8.6267e-5
38.981,0.08678,212.54,0.39739,0.50683,0.50684,0.013646,0.046042,-3.2338e-4,0,0,0,0,-7.4652e-5
39.031,0.12202,212.43,0.39823,0.5069,0.50692,0.019223,0.064476,-1.2867e-5,0,0,0,0,-4.6013e-5
39.081,0.12213,212.43,0.3991,0.50697,0.50699,0.019241,0.064213,-2.5564e-5,0,0,0,0,-2.3165e-5
39.131,0.14621,212.36,0.39991,0.50704,0.50707,0.023065,0.076875,-1.4462e-4,0,0,0,0,-7.4808e-6
39.181,0.14353,212.37,0.40074,0.50711,0.50714,0.022641,0.075962,1.6309e-4,0,0,0,0,-7.741e-8
39.231,0.14156,212.38,0.40155,0.50718,0.50721,0.022328,0.07402,-7.9782e-5,0,0,0,0,3.7359e-6
39.281,0.1478,212.36,0.40232,0.50724,0.50727,0.023321,0.077265,-1.7713e-4,0,0,0,0,1.8297e-5
39.331,0.16197,212.32,0.40305,0.5073,0.50734,0.025577,0.085114,-3.4188e-4,0,0,0,0,4.5334e-5
39.381,0.16682,212.31,0.40377,0.50736,0.50741,0.026351,0.088052,4.2755e-4,0,0,0,0,8.9131e-5
39.431,0.13664,212.41,0.40452,0.50743,0.50746,0.021552,0.072149,-1.0039e-4,0,0,0,0,1.4347e-4
39.481,0.050358,212.69,0.40533,0.5075,0.5075,0.0079085,0.026347,-4.3659e-4,0,0,0,0,1.8498e-4
39.531,0.0027868,212.85,0.40608,0.50756,0.50756,4.3661e-4,0.0017535,2.1003e-4,0,0,0,0,-1.8646e-4
39.581,0.026106,212.77,0.40679,0.50762,0.50762,0.0040953,0.013878,-4.1026e-4,0,0,0,0,-1.827e-4
39.631,0.0846,212.59,0.40755,0.50769,0.5077,0.013312,0.044454,-5.9358e-5,0,0,0,0,-1.6068e-4
39.681,0.12091,212.47,0.40829,0.50775,0.50777,0.01906,0.063447,2.4035e-4,0,0,0,0,-1.1685e-4
39.731,0.14941,212.38,0.40903,0.50781,0.50785,0.02359,0.079087,-4.7633e-4,0,0,0,0,-7.4046e-5
39.781,0.1241,212.47,0.40971,0.50787,0.5079,0.01957,0.065735,-3.3253e-4,0,0,0,0,-3.7242e-5
39.831,0.089438,212.58,0.41039,0.50793,0.50794,0.014079,0.0476,3.888e-4,0,0,0,0,-1.9422e-5
39.881,0.084771,212.6,0.41113,0.50799,0.50801,0.013342,0.044975,4.2572e-4,0,0,0,0,-8.9206e-6
39.931,0.065617,212.66,0.41185,0.50806,0.50806,0.010318,0.03442,1.2346e-4,0,0,0,0,-2.6943e-6
39.981,2.3704e-4,212.88,0.41251,0.50811,0.50811,3.7151e-5,6.0863e-5,-1.0146e-4,0,0,0,0,0
40.031,0.084201,212.61,0.41313,0.50817,0.50818,0.013254,0.044174,3.0362e-4,0,0,0,0,2.8263e-6
40.081,0.11723,212.51,0.41381,0.50823,0.50825,0.018485,0.062118,-3.3445e-4,0,0,0,0,1.2494e-5
40.131,0.17411,212.33,0.41443,0.50828,0.50833,0.027534,0.091454,-4.8055e-4,0,0,0,0,3.3773e-5
40.181,0.20803,212.22,0.41506,0.50834,0.5084,0.032957,0.10933,3.1141e-4,0,0,0,0,8.4823e-5
40.231,0.146,212.42,0.41579,0.5084,0.50843,0.023059,0.076938,9.2393e-5,0,0,0,0,1.5373e-4
40.281,0.14427,212.43,0.41642,0.50845,0.50849,0.022785,0.076033,1.7614e-4,0,0,0,0,2.1071e-4
40.331,0.099514,212.58,0.41708,0.50851,0.50853,0.015681,0.052506,-1.6367e-5,0,0,0,0,2.854e-4
40.381,0.043674,212.76,0.41787,0.50858,0.50859,0.006863,0.023347,-4.5324e-4,0,0,0,0,-3.046e-4
40.431,0.17634,212.34,0.41865,0.50865,0.5087,0.027899,0.093274,3.9399e-4,0,0,0,0,-2.3745e-4
40.481,0.21259,212.22,0.41933,0.50871,0.50878,0.033698,0.11193,-2.0958e-4,0,0,0,0,-1.3868e-4
40.531,0.21603,212.21,0.41998,0.50877,0.50884,0.03425,0.11443,-4.4479e-4,0,0,0,0,-6.569e-5
40.581,0.20254,212.26,0.42063,0.50883,0.50889,0.032092,0.10673,-7.1205e-5,0,0,0,0,-1.9409e-5
40.631,0.16209,212.39,0.42128,0.50889,0.50893,0.025631,0.085213,2.1264e-4,0,0,0,0,-1.4489e-6
40.681,0.10158,212.59,0.42191,0.50894,0.50896,0.016015,0.054092,1.5412e-4,0,0,0,0,1.271e-6
40.731,0.035314,212.81,0.42255,0.509,0.509,0.0055489,0.018757,2.9936e-4,0,0,0,0,5.3606e-6
40.781,0.0010201,212.92,0.42322,0.50906,0.50906,1.6002e-4,5.7934e-4,-2.1404e-4,0,0,0,0,-5.8243e-6
40.831,0.0037229,212.92,0.42395,0.50912,0.50912,5.841e-4,0.0020287,3.0169e-4,0,0,0,0,-5.7709e-6
40.881,0.045511,212.78,0.42461,0.50918,0.50919,0.007156,0.024097,1.7219e-4,0,0,0,0,-4.6122e-6
40.931,0.13793,212.49,0.42518,0.50924,0.50927,0.021791,0.0726,-1.839e-4,0,0,0,0,-3.6886e-7
40.981,0.17122,212.38,0.42582,0.50929,0.50934,0.027097,0.090891,2.4621e-5,0,0,0,0,5.5592e-6
41.031,0.15883,212.42,0.42648,0.50935,0.50939,0.025121,0.083904,-2.025e-4,0,0,0,0,2.7885e-5
41.081,0.1597,212.42,0.4271,0.50941,0.50945,0.025262,0.084475,-2.9499e-4,0,0,0,0,6.4564e-5
41.131,0.19216,212.32,0.42765,0.50946,0.50952,0.030447,0.10154,-9.9426e-7,0,0,0,0,1.2224e-4
41.181,0.16336,212.42,0.42826,0.50951,0.50956,0.025847,0.085925,-5.4251e-5,0,0,0,0,2.0858e-4
41.231,0.054899,212.77,0.42895,0.50958,0.50958,0.0086392,0.029117,1.0305e-4,0,0,0,0,2.7155e-4
41.281,0.060321,212.76,0.42964,0.50964,0.50965,0.0094955,0.032221,-4.8534e-4,0,0,0,0,-2.6686e-4
41.331,0.14256,212.49,0.4303,0.5097,0.50973,0.022537,0.076022,4.4028e-5,0,0,0,0,-2.0766e-4
41.381,0.22655,212.23,0.43098,0.50976,0.50984,0.035969,0.1194,3.2077e-4,0,0,0,0,-1.2382e-4
41.431,0.24915,212.16,0.43161,0.50982,0.50992,0.039603,0.13124,2.1994e-5,0,0,0,0,-4.3472e-5
41.481,0.26459,212.11,0.43226,0.50988,0.50999,0.042092,0.13954,4.6133e-4,0,0,0,0,-4.3966e-6
41.531,0.20148,212.31,0.43284,0.50993,0.51,0.031952,0.10642,-2.9172e-4,0,0,0,0,6.0198e-6
41.581,0.10626,212.62,0.4334,0.50999,0.51,0.016772,0.055892,-2.8945e-4,0,0,0,0,2.6425e-5
41.631,0.054747,212.79,0.43404,0.51004,0.51005,0.0086187,0.028556,1.4211e-4,0,0,0,0,4.2037e-5
41.681,0.086578,212.69,0.43454,0.51009,0.5101,0.013652,0.045496,-5.0567e-5,0,0,0,0,-4.3236e-5
41.731,0.14261,212.51,0.43515,0.51015,0.51018,0.022553,0.075037,-1.8119e-4,0,0,0,0,-1.5565e-5
41.781,0.13429,212.54,0.43582,0.51021,0.51024,0.02123,0.070828,3.7202e-5,0,0,0,0,-2.2517e-6
41.831,0.12894,212.56,0.43646,0.51027,0.5103,0.020379,0.0681,4.6938e-4,0,0,0,0,9.0249e-7
41.881,0.19452,212.35,0.43698,0.51032,0.51038,0.030848,0.1024,-3.7596e-4,0,0,0,0,1.3187e-5
41.931,0.26535,212.13,0.43745,0.51036,0.51047,0.042232,0.14022,3.1443e-5,0,0,0,0,6.3906e-5
41.981,0.29346,212.04,0.43794,0.5104,0.51054,0.046774,0.15431,4.0531e-4,0,0,0,0,1.7368e-4
42.031,0.2249,212.26,0.43851,0.51046,0.51054,0.035724,0.11832,3.1165e-4,0,0,0,0,3.3242e-4
42.081,0.099302,212.67,0.43912,0.51052,0.51053,0.015675,0.051697,3.1708e-4,0,0,0,0,4.4965e-4
42.131,0.015217,212.95,0.43971,0.51057,0.51057,0.0023918,0.0085073,-1.6168e-4,0,0,0,0,-4.774e-4
42.181,0.10282,212.66,0.44026,0.51062,0.51064,0.016234,0.055121,1.7325e-4,0,0,0,0,-4.272e-4
42.231,0.233,212.25,0.44089,0.51068,0.51077,0.037033,0.12388,4.1245e-4,0,0,0,0,-3.1292e-4
42.281,0.36192,211.84,0.44155,0.51074,0.51095,0.0579,0.19156,2.4377e-4,0,0,0,0,-1.4387e-4
42.331,0.42142,211.66,0.44218,0.5108,0.51108,0.067622,0.22209,-1.6738e-4,0,0,0,0,-2.0158e-5
42.381,0.4047,211.71,0.44277,0.51086,0.51112,0.064889,0.21359,2.7452e-4,0,0,0,0,1.1477e-5
42.431,0.30201,212.04,0.44331,0.51091,0.51105,0.048178,0.15942,3.3473e-4,0,0,0,0,1.0424e-4
42.481,0.12772,212.6,0.44378,0.51095,0.51098,0.020198,0.067041,4.4861e-4,0,0,0,0,2.0622e-4
42.531,0.0078793,212.99,0.44432,0.51101,0.51101,0.0012385,0.0048834,2.0401e-4,0,0,0,0,-2.3042e-4
42.581,0.094825,212.71,0.44492,0.51106,0.51108,0.014972,0.050254,-2.1111e-4,0,0,0,0,-2.0114e-4
42.631,0.21598,212.32,0.44545,0.51111,0.51119,0.034312,0.11436,9.4733e-5,0,0,0,0,-1.2929e-4
42.681,0.30919,212.03,0.44597,0.51116,0.51131,0.049351,0.16298,-4.9797e-4,0,0,0,0,-3.81e-5
42.731,0.35147,211.9,0.4465,0.51121,0.51141,0.05622,0.18574,-4.8303e-4,0,0,0,0,2.8667e-8
42.781,0.37568,211.82,0.44699,0.51126,0.51148,0.060169,0.19839,-2.3611e-4,0,0,0,0,5.0436e-5
42.831,0.38154,211.81,0.44745,0.5113,0.51153,0.061128,0.20081,4.5722e-5,0,0,0,0,2.0565e-4
42.881,0.33885,211.94,0.4479,0.51134,0.51152,0.054175,0.179,4.4643e-4,0,0,0,0,4.5475e-4
42.931,0.15674,212.53,0.44849,0.5114,0.51144,0.024832,0.082363,-3.0182e-4,0,0,0,0,6.9954e-4
42.981,0.014066,212.99,0.44901,0.51145,0.51145,0.0022125,0.0070766,2.8395e-4,0,0,0,0,7.61e-4
43.031,0.063507,212.83,0.44944,0.51149,0.5115,0.010015,0.034286,1.1737e-5,0,0,0,0,-7.3346e-4
43.081,0.19187,212.42,0.44994,0.51154,0.5116,0.030455,0.10246,-7.4367e-6,0,0,0,0,-6.1312e-4
43.131,0.26524,212.19,0.45041,0.51158,0.51169,0.042258,0.14069,3.1203e-4,0,0,0,0,-3.9914e-4
43.181,0.31029,212.05,0.45089,0.51163,0.51178,0.04955,0.16479,-1.9837e-4,0,0,0,0,-2.0933e-4
43.231,0.38348,211.82,0.45145,0.51168,0.51191,0.061464,0.20293,-3.2832e-4,0,0,0,0,-6.0598e-5
43.281,0.37929,211.83,0.45197,0.51173,0.51196,0.060783,0.20031,-3.418e-5,0,0,0,0,0
43.331,0.29615,212.1,0.45244,0.51178,0.51192,0.047264,0.157,6.1539e-5,0,0,0,0,4.3732e-5
43.381,0.1969,212.42,0.45294,0.51183,0.51189,0.031269,0.10458,-3.1079e-4,0,0,0,0,1.3014e-4
43.431,0.10998,212.7,0.45348,0.51188,0.5119,0.017391,0.058537,1.9247e-4,0,0,0,0,2.0596e-4
43.481,0.067169,212.84,0.45391,0.51192,0.51193,0.010598,0.036174,2.4667e-6,0,0,0,0,-2.2851e-4
43.531,0.20069,212.41,0.45438,0.51196,0.51203,0.03188,0.10663,-4.5115e-4,0,0,0,0,-1.4542e-4
43.581,0.24791,212.26,0.45491,0.51202,0.51211,0.039477,0.13176,7.9653e-5,0,0,0,0,-5.6706e-5
43.631,0.24388,212.28,0.45547,0.51207,0.51216,0.03883,0.1293,1.135e-4,0,0,0,0,-6.3875e-6
43.681,0.22191,212.35,0.456,0.51212,0.5122,0.035294,0.11753,4.9608e-4,0,0,0,0,4.2338e-6
43.731,0.18908,212.46,0.45652,0.51217,0.51223,0.030024,0.1008,2.8393e-4,0,0,0,0,3.8018e-5
43.781,0.16223,212.55,0.45699,0.51222,0.51226,0.025726,0.08621,-7.1949e-5,0,0,0,0,9.1805e-5
43.831,0.14498,212.6,0.45742,0.51226,0.51229,0.022972,0.077284,4.8007e-4,0,0,0,0,1.5911e-4
43.881,0.028606,212.98,0.45795,0.51231,0.51231,0.0045062,0.01534,-2.0647e-4,0,0,0,0,2.1623e-4
43.931,0.083116,212.81,0.45847,0.51236,0.51237,0.01313,0.044405,-5.6635e-5,0,0,0,0,-1.9268e-4
43.981,0.16204,212.56,0.45897,0.51241,0.51245,0.025701,0.085816,3.3489e-4,0,0,0,0,-1.3066e-4
44.031,0.22798,212.35,0.45948,0.51246,0.51254,0.036281,0.12115,2.2727e-4,0,0,0,0,-5.5471e-5
44.081,0.21689,212.38,0.45992,0.5125,0.51258,0.034498,0.11536,-3.5816e-4,0,0,0,0,-7.3355e-6
44.131,0.10869,212.73,0.46028,0.51254,0.51256,0.017194,0.057374,-1.2083e-4,0,0,0,0,6.31e-7
44.181,0.048138,212.93,0.4607,0.51258,0.51258,0.0075923,0.025519,1.1732e-4,0,0,0,0,4.2173e-6
44.231,0.028468,213,0.46118,0.51263,0.51263,0.0044856,0.015172,-1.8627e-4,0,0,0,0,8.1306e-6
44.281,0.027269,213,0.46169,0.51268,0.51268,0.0042966,0.014062,-1.1636e-4,0,0,0,0,1.1035e-5
44.331,0.035183,212.98,0.46212,0.51272,0.51272,0.005546,0.018495,-1.2244e-4,0,0,0,0,-1.243e-5
44.381,0.092226,212.8,0.46254,0.51276,0.51277,0.014581,0.049159,-3.6952e-4,0,0,0,0,-4.0807e-6
44.431,0.136,212.66,0.46296,0.5128,0.51283,0.02155,0.072628,1.0543e-4,0,0,0,0,5.8498e-8
44.481,0.19626,212.47,0.46333,0.51284,0.5129,0.031194,0.10438,4.0423e-4,0,0,0,0,1.2977e-5
44.531,0.21242,212.42,0.46372,0.51288,0.51295,0.033791,0.1125,1.6775e-4,0,0,0,0,6.3301e-5
44.581,0.1969,212.47,0.46411,0.51291,0.51298,0.031298,0.10429,-1.6126e-4,0,0,0,0,1.4732e-4
44.631,0.15693,212.6,0.4645,0.51295,0.51299,0.024895,0.083035,-4.9047e-4,0,0,0,0,2.507e-4
44.681,0.054772,212.93,0.46493,0.513,0.513,0.0086446,0.028524,3.2746e-4,0,0,0,0,3.3053e-4
44.731,0.093803,212.81,0.46542,0.51304,0.51306,0.014835,0.050174,-3.1926e-4,0,0,0,0,-3.1763e-4
44.781,0.14513,212.64,0.4658,0.51308,0.51311,0.023012,0.077791,-3.6295e-4,0,0,0,0,-2.2189e-4
44.831,0.23495,212.36,0.46626,0.51313,0.51321,0.037424,0.12455,3.5808e-4,0,0,0,0,-1.2926e-4
44.881,0.3177,212.1,0.46674,0.51317,0.51333,0.050819,0.16829,4.622e-4,0,0,0,0,-2.8866e-5
44.931,0.35189,211.99,0.46722,0.51322,0.51342,0.056387,0.1869,-4.4188e-4,0,0,0,0,2.5014e-6
44.981,0.30643,212.14,0.46766,0.51327,0.51342,0.048992,0.16222,4.2217e-4,0,0,0,0,7.5688e-5
45.031,0.19537,212.49,0.46807,0.51331,0.51337,0.031063,0.10328,-4.5813e-4,0,0,0,0,1.9525e-4
45.081,0.025938,213.04,0.46843,0.51334,0.51334,0.004089,0.013726,-1.7841e-6,0,0,0,0,2.7004e-4
45.131,0.17022,212.57,0.46875,0.51337,0.51342,0.027032,0.090629,-8.9194e-5,0,0,0,0,-2.2223e-4
45.181,0.30547,212.15,0.4691,0.51341,0.51356,0.048842,0.1623,-8.6024e-5,0,0,0,0,-9.3423e-5
45.231,0.33616,212.05,0.46952,0.51345,0.51363,0.053834,0.17798,3.942e-4,0,0,0,0,-7.1707e-6
45.281,0.29335,212.19,0.46997,0.5135,0.51363,0.046879,0.15528,4.5375e-4,0,0,0,0,1.6284e-5
45.331,0.22386,212.41,0.47041,0.51354,0.51362,0.035652,0.11891,-1.7208e-4,0,0,0,0,8.9804e-5
45.381,0.15795,212.62,0.4708,0.51358,0.51362,0.025073,0.083626,2.2678e-4,0,0,0,0,1.8079e-4
45.431,0.065882,212.92,0.4712,0.51362,0.51363,0.01041,0.034784,-1.7537e-4,0,0,0,0,2.5278e-4
45.481,0.013157,213.1,0.47157,0.51365,0.51366,0.0020734,0.0074562,-1.3086e-4,0,0,0,0,-2.6544e-4
45.531,0.14184,212.68,0.472,0.5137,0.51373,0.022499,0.075342,-3.6453e-4,0,0,0,0,-2.2248e-4
45.581,0.21159,212.46,0.47239,0.51374,0.51381,0.033682,0.11246,1.906e-4,0,0,0,0,-1.153e-4
45.631,0.18748,212.54,0.4727,0.51377,0.51382,0.029808,0.10016,-2.971e-4,0,0,0,0,-4.0259e-5
45.681,0.19133,212.53,0.47307,0.51381,0.51386,0.030427,0.10197,2.5717e-4,0,0,0,0,-6.3062e-6
45.731,0.15815,212.64,0.47343,0.51384,0.51388,0.02511,0.084602,4.0525e-4,0,0,0,0,2.207e-6
45.781,0.11799,212.77,0.47381,0.51388,0.5139,0.018696,0.062439,-7.7591e-5,0,0,0,0,1.8519e-5
45.831,0.071785,212.92,0.47419,0.51392,0.51393,0.011349,0.038663,4.9251e-4,0,0,0,0,4.1498e-5
45.881,0.0092404,213.12,0.47456,0.51395,0.51395,0.0014563,0.0044713,2.9459e-4,0,0,0,0,5.3475e-5
45.931,0.011945,213.12,0.47497,0.514,0.514,0.0018827,0.0063133,-2.8647e-4,0,0,0,0,-5.0396e-5
45.981,0.10939,212.8,0.47529,0.51403,0.51405,0.017328,0.05839,-3.5251e-4,0,0,0,0,-3.857e-5
46.031,0.14685,212.68,0.47566,0.51406,0.5141,0.023307,0.078491,1.3469e-4,0,0,0,0,-8.5615e-6
46.081,0.17667,212.59,0.476,0.5141,0.51415,0.028084,0.094548,2.7228e-4,0,0,0,0,8.5128e-8
46.131,0.24949,212.36,0.47626,0.51412,0.51422,0.039804,0.1323,-3.5008e-4,0,0,0,0,2.3677e-5
46.181,0.21312,212.47,0.4766,0.51416,0.51423,0.033941,0.11378,-2.293e-4,0,0,0,0,1.0682e-4
46.231,0.1601,212.65,0.47692,0.51419,0.51423,0.025429,0.084859,1.8213e-4,0,0,0,0,2.0026e-4
46.281,0.15652,212.66,0.47716,0.51421,0.51425,0.024856,0.083211,2.8974e-4,0,0,0,0,3.057e-4
46.331,0.07668,212.92,0.47745,0.51424,0.51425,0.012129,0.040843,7.6102e-5,0,0,0,0,4.1497e-4
46.381,0.057423,212.98,0.4778,0.51428,0.51428,0.0090743,0.031467,1.9773e-4,0,0,0,0,-4.225e-4
46.431,0.17908,212.59,0.47815,0.51431,0.51436,0.028475,0.096082,1.8273e-4,0,0,0,0,-3.1973e-4
46.481,0.21825,212.47,0.47843,0.51434,0.51441,0.034772,0.11604,-2.9828e-4,0,0,0,0,-1.7415e-4
46.531,0.20687,212.5,0.47869,0.51436,0.51443,0.032941,0.11022,1.3467e-4,0,0,0,0,-7.2724e-5
46.581,0.1762,212.6,0.47896,0.51439,0.51444,0.028014,0.093956,-9.3571e-5,0,0,0,0,-1.8118e-5
46.631,0.1905,212.56,0.47931,0.51443,0.51448,0.030311,0.10109,3.1344e-4,0,0,0,0,-2.1599e-7
46.681,0.17505,212.61,0.47966,0.51446,0.51451,0.027832,0.093445,-1.8552e-4,0,0,0,0,1.4499e-5
46.731,0.11555,212.8,0.47998,0.51449,0.51452,0.018318,0.061878,7.8848e-6,0,0,0,0,4.9372e-5
46.781,0.021789,213.11,0.48028,0.51452,0.51452,0.0034378,0.011076,-2.3193e-4,0,0,0,0,7.5053e-5
46.831,0.042348,213.04,0.48061,0.51456,0.51456,0.0066888,0.022963,2.6404e-4,0,0,0,0,-6.7376e-5
46.881,0.078979,212.93,0.48095,0.51459,0.5146,0.012498,0.042483,-1.6785e-4,0,0,0,0,-4.7089e-5
46.931,0.13561,212.74,0.48126,0.51462,0.51465,0.021522,0.072499,-7.3531e-5,0,0,0,0,-2.0782e-5
46.981,0.18023,212.6,0.48155,0.51465,0.5147,0.028669,0.095785,-3.8127e-4,0,0,0,0,-8.9994e-7
47.031,0.1685,212.64,0.48187,0.51468,0.51473,0.026786,0.089551,3.7091e-4,0,0,0,0,9.6811e-6
47.081,0.15141,212.7,0.48216,0.51471,0.51475,0.02405,0.080782,5.2962e-5,0,0,0,0,4.3344e-5
47.131,0.1152,212.82,0.48245,0.51474,0.51476,0.018265,0.061288,4.284e-4,0,0,0,0,9.3805e-5
47.181,0.06362,212.98,0.48274,0.51477,0.51478,0.010061,0.033984,-4.1964e-4,0,0,0,0,1.3589e-4
47.231,0.040388,213.06,0.48307,0.5148,0.51481,0.00638,0.021943,8.0978e-7,0,0,0,0,-1.4711e-4
47.281,0.093749,212.89,0.48336,0.51483,0.51485,0.01485,0.050301,3.1555e-4,0,0,0,0,-1.0479e-4
47.331,0.15149,212.71,0.48366,0.51486,0.5149,0.024067,0.080974,-1.3228e-4,0,0,0,0,-5.9426e-5
47.381,0.14912,212.71,0.48393,0.51489,0.51493,0.023687,0.079903,-3.6766e-4,0,0,0,0,-1.5292e-5
47.431,0.13997,212.74,0.48421,0.51492,0.51495,0.022224,0.074677,1.8473e-4,0,0,0,0,-7.6238e-7
47.481,0.097904,212.88,0.48447,0.51494,0.51496,0.015512,0.052248,-3.0473e-4,0,0,0,0,4.2684e-6
47.531,0.061584,213,0.48475,0.51497,0.51498,0.0097401,0.033148,1.7326e-4,0,0,0,0,1.3513e-5
47.581,0.0094937,213.17,0.48502,0.515,0.515,0.0014976,0.00513,4.3257e-4,0,0,0,0,2.1792e-5
47.631,0.081551,212.94,0.48525,0.51502,0.51503,0.012912,0.043564,-4.9839e-4,0,0,0,0,-1.5386e-5
47.681,0.12712,212.79,0.48551,0.51505,0.51507,0.020173,0.068356,4.5044e-4,0,0,0,0,-1.6935e-6
47.731,0.15723,212.7,0.48576,0.51507,0.51511,0.02499,0.084117,-1.4248e-4,0,0,0,0,3.4288e-6
47.781,0.21913,212.5,0.48594,0.51509,0.51517,0.034938,0.11724,3.8885e-4,0,0,0,0,3.6401e-5
47.831,0.16107,212.69,0.48621,0.51512,0.51516,0.025606,0.086236,2.1215e-4,0,0,0,0,1.1957e-4
47.881,0.047188,213.06,0.48651,0.51515,0.51515,0.007459,0.024975,2.1867e-4,0,0,0,0,1.7371e-4
47.931,0.032635,213.1,0.48677,0.51518,0.51518,0.005155,0.017934,2.7539e-4,0,0,0,0,-1.7539e-4
47.981,0.091537,212.91,0.48702,0.5152,0.51521,0.014502,0.049445,-1.9821e-5,0,0,0,0,-1.3828e-4
48.031,0.13318,212.78,0.48726,0.51522,0.51525,0.021144,0.071232,-3.5737e-4,0,0,0,0,-8.3244e-5
48.081,0.19738,212.58,0.48755,0.51525,0.51532,0.03144,0.10529,4.6312e-4,0,0,0,0,-2.9821e-5
48.131,0.16272,212.69,0.48776,0.51527,0.51532,0.025874,0.087155,1.3294e-4,0,0,0,0,-6.4751e-7
48.181,0.10597,212.87,0.48798,0.5153,0.51531,0.016803,0.05691,3.2798e-4,0,0,0,0,4.3594e-6
48.231,0.041148,213.08,0.4882,0.51532,0.51532,0.0065032,0.022128,-1.8135e-4,0,0,0,0,1.5554e-5
48.281,0.030603,213.12,0.48848,0.51535,0.51535,0.0048342,0.016269,1.6882e-4,0,0,0,0,1.9583e-5
48.331,0.0050096,213.2,0.48874,0.51537,0.51537,7.9033e-4,0.0026477,2.4639e-4,0,0,0,0,-2.5263e-5
48.381,0.072636,212.99,0.48896,0.51539,0.5154,0.011499,0.039071,1.7435e-5,0,0,0,0,-1.677e-5
48.431,0.12226,212.83,0.48918,0.51542,0.51544,0.019404,0.065842,3.4896e-4,0,0,0,0,-3.1675e-6
48.481,0.16445,212.69,0.48938,0.51544,0.51548,0.026155,0.087429,-2.1106e-4,0,0,0,0,2.4292e-6
48.531,0.14227,212.76,0.48962,0.51546,0.51549,0.022603,0.075545,-4.4976e-4,0,0,0,0,2.9131e-5
48.581,0.077179,212.98,0.48987,0.51549,0.51549,0.012222,0.040975,1.6877e-4,0,0,0,0,6.3278e-5
48.631,0.025289,213.15,0.49016,0.51551,0.51552,0.0039944,0.013221,-4.4074e-4,0,0,0,0,-7.5821e-5
48.681,0.096853,212.91,0.49041,0.51554,0.51556,0.015353,0.051744,4.4108e-4,0,0,0,0,-4.9658e-5
48.731,0.14714,212.75,0.49067,0.51557,0.5156,0.023385,0.078683,3.5727e-4,0,0,0,0,-1.7938e-5
48.781,0.1654,212.7,0.49091,0.51559,0.51563,0.026311,0.088322,-2.4146e-4,0,0,0,0,-1.617e-7
48.831,0.14796,212.75,0.49114,0.51561,0.51565,0.023518,0.079364,-1.2415e-4,0,0,0,0,1.1077e-5
48.881,0.075413,212.99,0.49134,0.51563,0.51564,0.011943,0.040328,3.5356e-4,0,0,0,0,3.7888e-5
48.931,0.0076799,213.21,0.49155,0.51565,0.51565,0.0012121,0.0038079,-1.3378e-4,0,0,0,0,4.8569e-5
48.981,0.064901,213.02,0.49175,0.51567,0.51568,0.010273,0.034291,1.9091e-4,0,0,0,0,-4.1027e-5
49.031,0.13165,212.81,0.49194,0.51569,0.51572,0.020909,0.070842,4.5969e-4,0,0,0,0,-1.5879e-5
49.081,0.15343,212.74,0.49215,0.51571,0.51575,0.024395,0.081783,-4.3828e-4,0,0,0,0,-2.1945e-7
49.131,0.14015,212.78,0.49236,0.51573,0.51576,0.02227,0.075311,-7.9235e-5,0,0,0,0,9.4577e-6
49.181,0.1161,212.86,0.49256,0.51575,0.51577,0.018425,0.062339,1.1894e-4,0,0,0,0,3.7338e-5
49.231,0.067418,213.02,0.49277,0.51577,0.51578,0.010674,0.036055,8.9916e-5,0,0,0,0,7.0373e-5
49.281,0.0058847,213.22,0.49298,0.51579,0.51579,9.288e-4,0.0032923,-1.4582e-4,0,0,0,0,8.5383e-5
49.331,0.013627,213.2,0.49314,0.51581,0.51581,0.0021516,0.0074625,1.9047e-5,0,0,0,0,-8.0048e-5
49.381,0.041966,213.11,0.49331,0.51583,0.51583,0.0066359,0.022502,-4.8408e-4,0,0,0,0,-7.1165e-5
49.431,0.07471,213,0.4935,0.51584,0.51585,0.011833,0.040533,2.9779e-4,0,0,0,0,-4.8491e-5
49.481,0.091418,212.95,0.49368,0.51586,0.51588,0.014492,0.049455,-3.0832e-5,0,0,0,0,-2.4448e-5
49.531,0.10565,212.9,0.49387,0.51588,0.5159,0.016761,0.056423,-4.2849e-4,0,0,0,0,-6.7517e-6
49.581,0.074282,213,0.49403,0.5159,0.5159,0.011766,0.039865,-3.4359e-6,0,0,0,0,-5.0091e-8
49.631,0.0096619,213.22,0.49417,0.51591,0.51591,0.0015254,0.0052886,-2.4958e-4,0,0,0,0,6.2758e-7
49.681,0.040176,213.12,0.49432,0.51592,0.51593,0.0063528,0.021372,4.0779e-5,0,0,0,0,-1.1513e-7
49.731,0.072003,213.01,0.49447,0.51594,0.51595,0.011404,0.038878,4.103e-4,0,0,0,0,1.0931e-6
49.781,0.049036,213.09,0.49467,0.51596,0.51596,0.0077576,0.02654,3.8842e-4,0,0,0,0,7.4944e-6
49.831,0.016307,213.2,0.4949,0.51598,0.51598,0.0025756,0.0086977,-1.1543e-4,0,0,0,0,-1.0186e-5
49.881,0.040683,213.12,0.49509,0.516,0.516,0.0064336,0.021866,2.9529e-4,0,0,0,0,-5.1626e-6
49.931,0.017522,213.2,0.49523,0.51601,0.51601,0.0027677,0.0098128,-4.522e-4,0,0,0,0,-2.1778e-6
49.981,0.038165,213.13,0.49543,0.51603,0.51603,0.0060349,0.020084,-4.4694e-4,0,0,0,0,-1.1056e-6
50.031,0.10059,212.93,0.49566,0.51606,0.51607,0.015957,0.053615,-2.095e-4,0,0,0,0,3.5328e-7
50.081,0.11992,212.87,0.49588,0.51608,0.5161,0.019042,0.064193,-2.5964e-6,0,0,0,0,1.2171e-5
50.131,0.098841,212.94,0.49607,0.5161,0.51611,0.015678,0.052672,1.8551e-4,0,0,0,0,3.8281e-5
50.181,0.038442,213.13,0.49623,0.51611,0.51611,0.0060792,0.021045,4.5741e-4,0,0,0,0,6.3998e-5
50.231,0.046301,213.11,0.49638,0.51613,0.51613,0.0073251,0.025212,3.4562e-4,0,0,0,0,-6.2822e-5
50.281,0.16881,212.71,0.49647,0.51613,0.51618,0.026872,0.08986,-3.534e-4,0,0,0,0,-2.9847e-5
50.331,0.2684,212.39,0.49655,0.51614,0.51625,0.04294,0.14332,-2.7215e-5,0,0,0,0,0
50.381,0.29687,212.3,0.49665,0.51615,0.51629,0.047563,0.15884,4.9508e-4,0,0,0,0,5.1093e-5
50.431,0.18093,212.68,0.49684,0.51617,0.51622,0.028821,0.0966,-4.0154e-4,0,0,0,0,1.8277e-4
50.481,0.016654,213.21,0.49704,0.51619,0.51619,0.002631,0.0091729,4.233e-4,0,0,0,0,2.4988e-4
50.531,0.091522,212.96,0.4972,0.5162,0.51622,0.014514,0.049648,-4.8433e-4,0,0,0,0,-2.1502e-4
50.581,0.13416,212.83,0.49731,0.51621,0.51624,0.021321,0.071458,5.7531e-5,0,0,0,0,-1.3671e-4
50.631,0.13176,212.84,0.49739,0.51622,0.51625,0.020937,0.070108,4.0228e-4,0,0,0,0,-6.9038e-5
50.681,0.12107,212.87,0.49749,0.51623,0.51625,0.019228,0.064974,-1.1443e-4,0,0,0,0,-2.722e-5
50.731,0.11419,212.89,0.49761,0.51624,0.51626,0.01813,0.060949,1.3568e-4,0,0,0,0,-5.3906e-6
50.781,0.072315,213.03,0.49772,0.51625,0.51626,0.011457,0.038287,3.5549e-4,0,0,0,0,1.8705e-8
50.831,0.035872,213.15,0.49784,0.51626,0.51626,0.0056729,0.019071,2.9898e-4,0,0,0,0,1.7731e-6
50.881,0.0068727,213.24,0.49797,0.51627,0.51627,0.0010853,0.0033369,-8.5422e-5,0,0,0,0,3.5896e-6
50.931,0.042919,213.13,0.49807,0.51628,0.51628,0.0067899,0.022771,-1.2147e-4,0,0,0,0,-2.3305e-6
50.981,0.042313,213.13,0.49822,0.51629,0.5163,0.006694,0.022743,4.902e-4,0,0,0,0,-3.4099e-8
51.031,0.037246,213.15,0.49835,0.51631,0.51631,0.0058909,0.019697,-3.4715e-4,0,0,0,0,4.2888e-7
51.081,0.055879,213.09,0.49846,0.51632,0.51632,0.0088463,0.030097,-8.8198e-5,0,0,0,0,3.1602e-6
51.131,0.050817,213.1,0.49858,0.51633,0.51633,0.0080429,0.027245,-2.2699e-4,0,0,0,0,1.0494e-5
51.181,0.059213,213.08,0.49868,0.51633,0.51634,0.0093758,0.031904,-2.2534e-4,0,0,0,0,1.9925e-5
51.231,0.038341,213.15,0.49886,0.51635,0.51636,0.0060646,0.020639,3.4366e-5,0,0,0,0,-2.8228e-5
51.281,0.064059,213.06,0.49898,0.51636,0.51637,0.010146,0.033901,2.4472e-4,0,0,0,0,-1.104e-5
51.331,0.011946,213.23,0.49904,0.51637,0.51637,0.001887,0.0064702,3.3972e-4,0,0,0,0,-5.8418e-6
51.381,0.010845,213.24,0.49915,0.51638,0.51638,0.0017131,0.0056432,3.0498e-4,0,0,0,0,-5.5573e-6
51.431,0.027233,213.18,0.49927,0.51639,0.51639,0.0043054,0.014278,-1.4604e-4,0,0,0,0,-3.3414e-6
51.481,0.0058373,213.25,0.49936,0.5164,0.5164,9.2186e-4,0.0032355,-5.6661e-5,0,0,0,0,-1.5877e-6
51.531,0.021553,213.2,0.49945,0.5164,0.5164,0.0034065,0.01167,3.4991e-4,0,0,0,0,2.3553e-6
51.581,0.022205,213.2,0.49955,0.51641,0.51641,0.0035098,0.012083,-2.1834e-4,0,0,0,0,4.8107e-6
51.631,0.025034,213.19,0.49964,0.51642,0.51642,0.0039575,0.013852,2.4584e-4,0,0,0,0,7.434e-6
51.681,0.012114,213.24,0.49974,0.51643,0.51643,0.0019137,0.0063871,-3.5353e-4,0,0,0,0,1.0988e-5
51.731,0.01606,213.22,0.49983,0.51644,0.51644,0.0025377,0.008836,-1.6582e-4,0,0,0,0,1.2283e-5
